Identifiant station;Nom station;Station en fonctionnement;Capacité de la station;Nombre bornettes libres;Nombre total vélos disponibles;Vélos mécaniques disponibles;Vélos électriques disponibles;Borne de paiement disponible;Retour vélib possible;Actualisation de la donnée;Coordonnées géographiques;Nom communes équipées;Code INSEE communes équipées;station_opening_hours
;;OUI;;20;8;;;OUI;OUI;2026-09-23T10:52:43+02:00;;;;
;;OUI;;27;1;;;OUI;OUI;2026-09-23T10:52:25+02:00;;;;
;;OUI;;19;0;;;OUI;OUI;2026-09-23T10:50:13+02:00;;;;
;;OUI;;8;11;;;OUI;OUI;2026-09-23T10:49:39+02:00;;;;
;;OUI;;2;10;;;OUI;OUI;2026-09-23T10:51:49+02:00;;;;
;;OUI;;9;23;;;OUI;OUI;2026-09-23T10:51:49+02:00;;;;
;;OUI;;25;4;;;OUI;OUI;2026-09-23T10:52:20+02:00;;;;
;;OUI;;19;2;;;OUI;OUI;2026-09-23T10:47:48+02:00;;;;
;;OUI;;29;9;;;OUI;OUI;2026-09-23T10:50:29+02:00;;;;
;;OUI;;18;42;;;OUI;OUI;2026-09-23T10:52:17+02:00;;;;
;;OUI;;20;22;;;OUI;OUI;2026-09-23T10:50:52+02:00;;;;
;;OUI;;35;5;;;OUI;OUI;2026-09-23T10:50:41+02:00;;;;
;;OUI;;29;1;;;OUI;OUI;2026-09-23T10:46:25+02:00;;;;
;;OUI;;42;5;;;OUI;OUI;2026-09-23T10:51:03+02:00;;;;
;;OUI;;31;4;;;OUI;OUI;2026-09-23T10:49:27+02:00;;;;
;;OUI;;46;3;;;OUI;OUI;2026-09-23T10:52:33+02:00;;;;
;;OUI;;5;29;;;OUI;OUI;2026-09-23T10:52:19+02:00;;;;
;;OUI;;40;1;;;OUI;OUI;2026-09-23T10:47:09+02:00;;;;
;;OUI;;20;13;;;OUI;OUI;2026-09-23T10:48:31+02:00;;;;
;;OUI;;19;1;;;OUI;OUI;2026-09-23T10:48:29+02:00;;;;
;;OUI;;0;16;;;OUI;OUI;2026-09-23T10:46:17+02:00;;;;
;;OUI;;19;5;;;OUI;OUI;2026-09-23T10:50:01+02:00;;;;
;;OUI;;1;20;;;OUI;OUI;2026-09-23T10:52:01+02:00;;;;
;;OUI;;10;17;;;OUI;OUI;2026-09-23T10:50:44+02:00;;;;
;;OUI;;3;18;;;OUI;OUI;2026-09-23T10:51:47+02:00;;;;
;;OUI;;1;59;;;OUI;OUI;2026-09-23T10:49:46+02:00;;;;
;;OUI;;24;0;;;OUI;OUI;2026-09-23T10:46:35+02:00;;;;
;;OUI;;6;15;;;OUI;OUI;2026-09-23T10:48:14+02:00;;;;
;;OUI;;3;18;;;OUI;OUI;2026-09-23T10:50:57+02:00;;;;
;;OUI;;1;19;;;OUI;OUI;2026-09-23T10:52:37+02:00;;;;
;;OUI;;5;23;;;OUI;OUI;2026-09-23T10:51:38+02:00;;;;
;;OUI;;31;1;;;OUI;OUI;2026-09-23T10:51:56+02:00;;;;
;;OUI;;16;11;;;OUI;OUI;2026-09-23T10:52:38+02:00;;;;
;;OUI;;0;36;;;OUI;OUI;2026-09-23T10:50:21+02:00;;;;
;;OUI;;8;12;;;OUI;OUI;2026-09-23T10:51:59+02:00;;;;
;;OUI;;25;6;;;OUI;OUI;2026-09-23T10:52:00+02:00;;;;
;;OUI;;0;27;;;OUI;OUI;2026-09-23T10:49:41+02:00;;;;
;;OUI;;17;4;;;OUI;OUI;2026-09-23T10:51:26+02:00;;;;
;;OUI;;5;13;;;OUI;OUI;2026-09-23T10:48:42+02:00;;;;
;;OUI;;2;40;;;OUI;OUI;2026-09-23T10:52:43+02:00;;;;
;;OUI;;0;28;;;OUI;OUI;2026-09-23T10:51:39+02:00;;;;
;;OUI;;22;1;;;OUI;OUI;2026-09-23T10:45:53+02:00;;;;
;;OUI;;9;19;;;OUI;OUI;2026-09-23T10:52:02+02:00;;;;
;;OUI;;0;0;;;NON;NON;2026-08-20T08:07:39+02:00;;;;
;;OUI;;24;1;;;OUI;OUI;2026-09-23T10:51:31+02:00;;;;
;;OUI;;23;1;;;OUI;OUI;2026-09-23T10:51:08+02:00;;;;
;;OUI;;1;29;;;OUI;OUI;2026-09-23T10:50:36+02:00;;;;
;;OUI;;11;48;;;OUI;OUI;2026-09-23T10:52:25+02:00;;;;
;;OUI;;21;1;;;OUI;OUI;2026-09-23T10:49:42+02:00;;;;
;;OUI;;10;6;;;OUI;OUI;2026-09-23T10:51:59+02:00;;;;
;;OUI;;17;23;;;OUI;OUI;2026-09-23T10:51:45+02:00;;;;
;;OUI;;28;1;;;OUI;OUI;2026-09-23T10:49:07+02:00;;;;
;;OUI;;14;35;;;OUI;OUI;2026-09-23T10:52:43+02:00;;;;
;;OUI;;1;34;;;OUI;OUI;2026-09-23T10:51:27+02:00;;;;
;;OUI;;36;9;;;OUI;OUI;2026-09-23T10:50:16+02:00;;;;
;;OUI;;16;12;;;OUI;OUI;2026-09-23T10:52:36+02:00;;;;
;;OUI;;35;11;;;OUI;OUI;2026-09-23T10:48:14+02:00;;;;
;;OUI;;2;49;;;OUI;OUI;2026-09-23T10:51:36+02:00;;;;
;;OUI;;23;8;;;OUI;OUI;2026-09-23T10:52:45+02:00;;;;
;;OUI;;33;1;;;OUI;OUI;2026-09-23T10:52:22+02:00;;;;
;;OUI;;60;3;;;OUI;OUI;2026-09-23T10:52:25+02:00;;;;
;;OUI;;1;18;;;OUI;OUI;2026-09-23T10:52:33+02:00;;;;
;;OUI;;13;3;;;OUI;OUI;2026-09-23T10:47:27+02:00;;;;
;;OUI;;30;22;;;OUI;OUI;2026-09-23T10:49:51+02:00;;;;
;;OUI;;12;23;;;OUI;OUI;2026-09-23T10:50:55+02:00;;;;
;;OUI;;17;9;;;OUI;OUI;2026-09-23T10:52:48+02:00;;;;
;;OUI;;42;7;;;OUI;OUI;2026-09-23T10:46:40+02:00;;;;
;;OUI;;19;8;;;OUI;OUI;2026-09-23T10:51:54+02:00;;;;
;;OUI;;17;1;;;OUI;OUI;2026-09-23T10:48:46+02:00;;;;
;;OUI;;21;4;;;OUI;OUI;2026-09-23T10:48:18+02:00;;;;
;;OUI;;17;4;;;OUI;OUI;2026-09-23T10:48:27+02:00;;;;
;;OUI;;26;1;;;OUI;OUI;2026-09-23T10:51:45+02:00;;;;
;;OUI;;1;77;;;OUI;OUI;2026-09-23T10:51:37+02:00;;;;
;;OUI;;44;5;;;OUI;OUI;2026-09-23T10:44:58+02:00;;;;
;;OUI;;21;15;;;OUI;OUI;2026-09-23T10:52:38+02:00;;;;
;;OUI;;22;2;;;OUI;OUI;2026-09-23T10:49:43+02:00;;;;
;;OUI;;32;6;;;OUI;OUI;2026-09-23T10:51:03+02:00;;;;
;;OUI;;32;1;;;OUI;OUI;2026-09-23T10:46:28+02:00;;;;
;;OUI;;14;1;;;OUI;OUI;2026-09-23T10:47:25+02:00;;;;
;;OUI;;27;2;;;OUI;OUI;2026-09-23T10:49:31+02:00;;;;
;;OUI;;26;1;;;OUI;OUI;2026-09-23T10:45:37+02:00;;;;
;;OUI;;0;56;;;OUI;OUI;2026-09-23T10:52:45+02:00;;;;
;;OUI;;16;18;;;OUI;OUI;2026-09-23T10:51:24+02:00;;;;
;;OUI;;1;23;;;OUI;OUI;2026-09-23T10:52:26+02:00;;;;
;;OUI;;32;1;;;OUI;OUI;2026-09-23T10:50:36+02:00;;;;
;;OUI;;19;4;;;OUI;OUI;2026-09-23T10:49:50+02:00;;;;
;;OUI;;19;0;;;OUI;OUI;2026-09-23T10:51:56+02:00;;;;
;;OUI;;0;30;;;OUI;OUI;2026-09-23T10:51:16+02:00;;;;
;;OUI;;34;3;;;OUI;OUI;2026-09-23T10:44:52+02:00;;;;
;;OUI;;10;18;;;OUI;OUI;2026-09-23T10:49:27+02:00;;;;
;;OUI;;27;3;;;OUI;OUI;2026-09-23T10:49:49+02:00;;;;
;;OUI;;31;5;;;OUI;OUI;2026-09-23T10:46:38+02:00;;;;
;;OUI;;14;18;;;OUI;OUI;2026-09-23T10:51:56+02:00;;;;
;;OUI;;16;10;;;OUI;OUI;2026-09-23T10:48:53+02:00;;;;
;;OUI;;200;0;;;NON;NON;2026-09-23T10:52:30+02:00;;;;
;;OUI;;19;1;;;OUI;OUI;2026-09-23T10:51:28+02:00;;;;
;;OUI;;13;14;;;OUI;OUI;2026-09-23T10:52:38+02:00;;;;
;;OUI;;1;22;;;OUI;OUI;2026-09-23T10:51:58+02:00;;;;
;;OUI;;29;2;;;OUI;OUI;2026-09-23T10:49:45+02:00;;;;
;;OUI;;3;19;;;OUI;OUI;2026-09-23T10:52:09+02:00;;;;
;;OUI;;15;37;;;OUI;OUI;2026-09-23T10:50:51+02:00;;;;
;;OUI;;14;2;;;OUI;OUI;2026-09-23T10:50:42+02:00;;;;
;;OUI;;25;3;;;OUI;OUI;2026-09-23T10:45:12+02:00;;;;
;;OUI;;16;15;;;OUI;OUI;2026-09-23T10:51:44+02:00;;;;
;;OUI;;32;0;;;NON;NON;2026-09-23T10:52:07+02:00;;;;
;;OUI;;20;0;;;OUI;OUI;2026-09-23T10:45:28+02:00;;;;
;;OUI;;22;7;;;OUI;OUI;2026-09-23T10:51:57+02:00;;;;
;;OUI;;21;1;;;OUI;OUI;2026-09-23T10:50:07+02:00;;;;
;;OUI;;20;3;;;OUI;OUI;2026-09-23T10:50:44+02:00;;;;
;;OUI;;1;10;;;OUI;OUI;2026-09-23T10:52:46+02:00;;;;
;;OUI;;30;6;;;OUI;OUI;2026-09-23T10:52:06+02:00;;;;
;;OUI;;21;2;;;OUI;OUI;2026-09-23T10:51:19+02:00;;;;
;;OUI;;43;2;;;OUI;OUI;2026-09-23T10:52:19+02:00;;;;
;;OUI;;49;0;;;OUI;OUI;2026-09-23T10:46:49+02:00;;;;
;;OUI;;2;23;;;OUI;OUI;2026-09-23T10:47:29+02:00;;;;
;;OUI;;41;23;;;OUI;OUI;2026-09-23T10:48:27+02:00;;;;
;;OUI;;11;12;;;OUI;OUI;2026-09-23T10:52:40+02:00;;;;
;;OUI;;31;1;;;OUI;OUI;2026-09-23T10:45:32+02:00;;;;
;;OUI;;20;1;;;OUI;OUI;2026-09-23T10:51:31+02:00;;;;
;;OUI;;40;5;;;OUI;OUI;2026-09-23T10:52:36+02:00;;;;
;;OUI;;28;0;;;OUI;OUI;2026-09-23T10:49:39+02:00;;;;
;;OUI;;23;1;;;OUI;OUI;2026-09-23T10:46:29+02:00;;;;
;;OUI;;1;56;;;OUI;OUI;2026-09-23T10:52:37+02:00;;;;
;;OUI;;45;5;;;OUI;OUI;2026-09-23T10:51:19+02:00;;;;
;;OUI;;25;4;;;OUI;OUI;2026-09-23T10:49:34+02:00;;;;
;;OUI;;20;0;;;OUI;OUI;2026-09-23T10:50:14+02:00;;;;
;;OUI;;7;19;;;OUI;OUI;2026-09-23T10:52:02+02:00;;;;
;;OUI;;32;15;;;OUI;OUI;2026-09-23T10:50:28+02:00;;;;
;;OUI;;39;13;;;OUI;OUI;2026-09-23T10:51:45+02:00;;;;
;;OUI;;26;2;;;OUI;OUI;2026-09-23T10:49:23+02:00;;;;
;;OUI;;4;15;;;OUI;OUI;2026-09-23T10:48:30+02:00;;;;
;;OUI;;2;26;;;OUI;OUI;2026-09-23T10:52:20+02:00;;;;
;;OUI;;20;13;;;OUI;OUI;2026-09-23T10:49:38+02:00;;;;
;;OUI;;21;0;;;OUI;OUI;2026-09-23T10:52:16+02:00;;;;
;;OUI;;16;3;;;OUI;OUI;2026-09-23T10:50:45+02:00;;;;
;;OUI;;7;39;;;OUI;OUI;2026-09-23T10:50:22+02:00;;;;
;;OUI;;30;2;;;OUI;OUI;2026-09-23T10:52:40+02:00;;;;
;;OUI;;9;38;;;OUI;OUI;2026-09-23T10:51:50+02:00;;;;
;;OUI;;24;2;;;OUI;OUI;2026-09-23T10:52:08+02:00;;;;
;;OUI;;19;0;;;OUI;OUI;2026-09-23T10:45:28+02:00;;;;
;;OUI;;31;2;;;OUI;OUI;2026-09-23T10:50:43+02:00;;;;
;;OUI;;2;23;;;OUI;OUI;2026-09-23T10:52:30+02:00;;;;
;;OUI;;35;1;;;OUI;OUI;2026-09-23T10:47:48+02:00;;;;
;;OUI;;20;9;;;OUI;OUI;2026-09-23T10:49:02+02:00;;;;
;;OUI;;21;8;;;OUI;OUI;2026-09-23T10:49:55+02:00;;;;
;;OUI;;20;4;;;OUI;OUI;2026-09-23T10:50:56+02:00;;;;
;;OUI;;25;3;;;OUI;OUI;2026-09-23T10:52:16+02:00;;;;
;;OUI;;1;35;;;OUI;OUI;2026-09-23T10:50:23+02:00;;;;
;;OUI;;15;12;;;OUI;OUI;2026-09-23T10:48:12+02:00;;;;
;;OUI;;12;7;;;OUI;OUI;2026-09-23T10:52:09+02:00;;;;
;;OUI;;1;38;;;OUI;OUI;2026-09-23T10:52:49+02:00;;;;
;;OUI;;37;9;;;OUI;OUI;2026-09-23T10:48:17+02:00;;;;
;;OUI;;16;6;;;OUI;OUI;2026-09-23T10:51:56+02:00;;;;
;;OUI;;39;2;;;OUI;OUI;2026-09-23T10:52:39+02:00;;;;
;;OUI;;1;18;;;OUI;OUI;2026-09-23T10:51:08+02:00;;;;
;;OUI;;12;3;;;OUI;OUI;2026-09-23T10:48:28+02:00;;;;
;;OUI;;3;36;;;OUI;OUI;2026-09-23T10:51:58+02:00;;;;
;;OUI;;22;10;;;OUI;OUI;2026-09-23T10:52:22+02:00;;;;
;;OUI;;22;30;;;OUI;OUI;2026-09-23T10:51:27+02:00;;;;
;;OUI;;37;22;;;OUI;OUI;2026-09-23T10:47:40+02:00;;;;
;;OUI;;20;0;;;OUI;OUI;2026-09-23T10:50:19+02:00;;;;
;;OUI;;21;44;;;OUI;OUI;2026-09-23T10:52:26+02:00;;;;
;;OUI;;20;24;;;OUI;OUI;2026-09-23T10:46:20+02:00;;;;
;;OUI;;31;5;;;OUI;OUI;2026-09-23T10:48:00+02:00;;;;
;;OUI;;18;0;;;OUI;OUI;2026-09-23T10:44:58+02:00;;;;
;;OUI;;40;10;;;OUI;OUI;2026-09-23T10:51:28+02:00;;;;
;;OUI;;22;9;;;OUI;OUI;2026-09-23T10:52:25+02:00;;;;
;;OUI;;9;25;;;OUI;OUI;2026-09-23T10:52:43+02:00;;;;
;;OUI;;29;4;;;OUI;OUI;2026-09-23T10:51:38+02:00;;;;
;;OUI;;52;4;;;OUI;OUI;2026-09-23T10:52:12+02:00;;;;
;;OUI;;22;54;;;OUI;OUI;2026-09-23T10:50:27+02:00;;;;
;;OUI;;21;4;;;OUI;OUI;2026-09-23T10:51:34+02:00;;;;
;;OUI;;1;39;;;OUI;OUI;2026-09-23T10:52:29+02:00;;;;
;;OUI;;23;10;;;OUI;OUI;2026-09-23T10:49:48+02:00;;;;
;;OUI;;1;24;;;OUI;OUI;2026-09-23T10:50:17+02:00;;;;
;;OUI;;24;1;;;OUI;OUI;2026-09-23T10:51:39+02:00;;;;
;;OUI;;21;2;;;OUI;OUI;2026-09-23T10:50:28+02:00;;;;
;;OUI;;53;1;;;OUI;OUI;2026-09-23T10:46:24+02:00;;;;
;;OUI;;29;6;;;OUI;OUI;2026-09-23T10:48:51+02:00;;;;
;;OUI;;40;2;;;OUI;OUI;2026-09-23T10:46:23+02:00;;;;
;;OUI;;21;2;;;OUI;OUI;2026-09-23T10:48:40+02:00;;;;
;;OUI;;20;1;;;OUI;OUI;2026-09-23T10:50:54+02:00;;;;
;;OUI;;25;0;;;OUI;OUI;2026-09-23T10:44:26+02:00;;;;
;;OUI;;49;0;;;OUI;OUI;2026-09-23T10:49:49+02:00;;;;
;;OUI;;32;0;;;OUI;OUI;2026-09-23T10:51:57+02:00;;;;
;;OUI;;21;0;;;OUI;OUI;2026-09-23T10:46:03+02:00;;;;
;;OUI;;4;26;;;OUI;OUI;2026-09-23T10:51:51+02:00;;;;
;;OUI;;14;36;;;OUI;OUI;2026-09-23T10:52:28+02:00;;;;
;;OUI;;4;13;;;OUI;OUI;2026-09-23T10:51:10+02:00;;;;
;;OUI;;1;15;;;OUI;OUI;2026-09-23T10:47:05+02:00;;;;
;;OUI;;0;39;;;OUI;OUI;2026-09-23T10:51:51+02:00;;;;
;;OUI;;3;20;;;OUI;OUI;2026-09-23T10:52:19+02:00;;;;
;;OUI;;23;0;;;OUI;OUI;2026-09-23T10:51:29+02:00;;;;
;;OUI;;26;1;;;OUI;OUI;2026-09-23T10:43:52+02:00;;;;
;;OUI;;11;37;;;OUI;OUI;2026-09-23T10:51:17+02:00;;;;
;;OUI;;18;3;;;OUI;OUI;2026-09-23T10:47:47+02:00;;;;
;;OUI;;29;1;;;OUI;OUI;2026-09-23T10:49:33+02:00;;;;
;;OUI;;0;30;;;OUI;OUI;2026-09-23T10:51:36+02:00;;;;
;;OUI;;0;34;;;OUI;OUI;2026-09-23T10:51:34+02:00;;;;
;;OUI;;14;1;;;OUI;OUI;2026-09-23T10:50:11+02:00;;;;
;;OUI;;30;2;;;OUI;OUI;2026-09-23T10:52:23+02:00;;;;
;;OUI;;9;3;;;OUI;OUI;2026-09-23T10:51:56+02:00;;;;
;;OUI;;19;6;;;OUI;OUI;2026-09-23T10:50:12+02:00;;;;
;;OUI;;30;5;;;OUI;OUI;2026-09-23T10:44:29+02:00;;;;
;;OUI;;26;0;;;OUI;OUI;2026-09-23T10:49:38+02:00;;;;
;;OUI;;11;40;;;OUI;OUI;2026-09-23T10:51:43+02:00;;;;
;;OUI;;31;4;;;OUI;OUI;2026-09-23T10:50:21+02:00;;;;
;;OUI;;26;22;;;OUI;OUI;2026-09-23T10:52:31+02:00;;;;
;;OUI;;15;38;;;OUI;OUI;2026-09-23T10:50:35+02:00;;;;
;;OUI;;27;2;;;OUI;OUI;2026-09-23T10:51:38+02:00;;;;
;;OUI;;5;22;;;OUI;OUI;2026-09-23T10:50:38+02:00;;;;
;;OUI;;23;10;;;OUI;OUI;2026-09-23T10:50:06+02:00;;;;
;;OUI;;0;57;;;OUI;OUI;2026-09-23T10:52:42+02:00;;;;
;;OUI;;7;29;;;OUI;OUI;2026-09-23T10:50:59+02:00;;;;
;;OUI;;55;8;;;OUI;OUI;2026-09-23T10:52:08+02:00;;;;
;;OUI;;0;18;;;OUI;OUI;2026-09-23T10:52:38+02:00;;;;
;;OUI;;22;2;;;OUI;OUI;2026-09-23T10:50:34+02:00;;;;
;;OUI;;11;11;;;OUI;OUI;2026-09-23T10:49:58+02:00;;;;
;;OUI;;17;1;;;OUI;OUI;2026-09-23T10:51:49+02:00;;;;
;;OUI;;37;1;;;OUI;OUI;2026-09-23T10:48:34+02:00;;;;
;;OUI;;13;21;;;OUI;OUI;2026-09-23T10:49:46+02:00;;;;
;;OUI;;50;4;;;OUI;OUI;2026-09-23T10:52:45+02:00;;;;
;;OUI;;24;1;;;OUI;OUI;2026-09-23T10:49:05+02:00;;;;
;;OUI;;54;0;;;NON;NON;2026-05-23T02:36:37+02:00;;;;
;;OUI;;15;21;;;OUI;OUI;2026-09-23T10:51:17+02:00;;;;
;;OUI;;13;17;;;OUI;OUI;2026-09-23T10:50:16+02:00;;;;
;;OUI;;0;34;;;OUI;OUI;2026-09-23T10:49:40+02:00;;;;
;;OUI;;22;1;;;OUI;OUI;2026-09-23T10:48:13+02:00;;;;
;;OUI;;19;3;;;OUI;OUI;2026-09-23T10:51:36+02:00;;;;
;;OUI;;21;2;;;OUI;OUI;2026-09-23T10:52:30+02:00;;;;
;;OUI;;18;2;;;OUI;OUI;2026-09-23T10:48:27+02:00;;;;
;;OUI;;13;1;;;OUI;OUI;2026-09-23T10:52:45+02:00;;;;
;;OUI;;0;33;;;OUI;OUI;2026-09-23T10:51:16+02:00;;;;
;;OUI;;40;0;;;OUI;OUI;2026-09-23T10:46:08+02:00;;;;
;;OUI;;13;2;;;OUI;OUI;2026-09-23T10:45:32+02:00;;;;
;;OUI;;43;3;;;OUI;OUI;2026-09-23T10:51:17+02:00;;;;
;;OUI;;34;1;;;OUI;OUI;2026-09-23T10:51:26+02:00;;;;
;;OUI;;16;7;;;OUI;OUI;2026-09-23T10:52:34+02:00;;;;
;;OUI;;23;1;;;OUI;OUI;2026-09-23T10:46:02+02:00;;;;
;;OUI;;5;19;;;OUI;OUI;2026-09-23T10:51:30+02:00;;;;
;;OUI;;29;0;;;OUI;OUI;2026-09-23T10:52:21+02:00;;;;
;;OUI;;44;1;;;OUI;OUI;2026-09-23T10:46:16+02:00;;;;
;;OUI;;13;32;;;OUI;OUI;2026-09-23T10:52:18+02:00;;;;
;;OUI;;26;0;;;OUI;OUI;2026-09-23T10:49:07+02:00;;;;
;;OUI;;19;5;;;OUI;OUI;2026-09-23T10:51:26+02:00;;;;
;;OUI;;33;2;;;OUI;OUI;2026-09-23T10:45:56+02:00;;;;
;;OUI;;23;24;;;OUI;OUI;2026-09-23T10:52:28+02:00;;;;
;;OUI;;6;29;;;OUI;OUI;2026-09-23T10:52:30+02:00;;;;
;;OUI;;12;7;;;OUI;OUI;2026-09-23T10:52:16+02:00;;;;
;;OUI;;6;14;;;OUI;OUI;2026-09-23T10:50:32+02:00;;;;
;;OUI;;33;0;;;OUI;OUI;2026-09-23T10:49:04+02:00;;;;
;;OUI;;40;3;;;OUI;OUI;2026-09-23T10:50:31+02:00;;;;
;;OUI;;22;27;;;OUI;OUI;2026-09-23T10:52:48+02:00;;;;
;;OUI;;0;24;;;OUI;OUI;2026-09-23T10:49:42+02:00;;;;
;;OUI;;20;6;;;OUI;OUI;2026-09-23T10:52:27+02:00;;;;
;;OUI;;32;1;;;OUI;OUI;2026-09-23T10:51:21+02:00;;;;
;;OUI;;7;28;;;OUI;OUI;2026-09-23T10:52:30+02:00;;;;
;;OUI;;14;1;;;OUI;OUI;2026-09-23T10:51:23+02:00;;;;
;;OUI;;18;24;;;OUI;OUI;2026-09-23T10:52:24+02:00;;;;
;;OUI;;9;38;;;OUI;OUI;2026-09-23T10:47:43+02:00;;;;
;;OUI;;26;0;;;OUI;OUI;2026-09-23T10:46:10+02:00;;;;
;;OUI;;31;0;;;OUI;OUI;2026-09-23T10:48:00+02:00;;;;
;;OUI;;31;1;;;OUI;OUI;2026-09-23T10:45:21+02:00;;;;
;;OUI;;18;2;;;OUI;OUI;2026-09-23T10:47:53+02:00;;;;
;;OUI;;24;0;;;OUI;OUI;2026-09-23T10:45:48+02:00;;;;
;;OUI;;65;1;;;OUI;OUI;2026-09-23T10:52:40+02:00;;;;
;;OUI;;1;19;;;OUI;OUI;2026-09-23T10:51:52+02:00;;;;
;;OUI;;1;22;;;OUI;OUI;2026-09-23T10:48:46+02:00;;;;
;;OUI;;16;23;;;OUI;OUI;2026-09-23T10:50:21+02:00;;;;
;;OUI;;32;1;;;OUI;OUI;2026-09-23T10:50:48+02:00;;;;
;;OUI;;2;31;;;OUI;OUI;2026-09-23T10:52:09+02:00;;;;
;;OUI;;1;21;;;OUI;OUI;2026-09-23T10:52:45+02:00;;;;
;;OUI;;44;0;;;OUI;OUI;2026-09-23T10:47:20+02:00;;;;
;;OUI;;39;3;;;OUI;OUI;2026-09-23T10:51:53+02:00;;;;
;;OUI;;37;6;;;OUI;OUI;2026-09-23T10:52:24+02:00;;;;
;;OUI;;12;6;;;OUI;OUI;2026-09-23T10:52:18+02:00;;;;
;;OUI;;23;3;;;OUI;OUI;2026-09-23T10:46:53+02:00;;;;
;;OUI;;14;48;;;OUI;OUI;2026-09-23T10:52:15+02:00;;;;
;;OUI;;54;20;;;OUI;OUI;2026-09-23T10:52:31+02:00;;;;
;;OUI;;21;27;;;OUI;OUI;2026-09-23T10:52:42+02:00;;;;
;;OUI;;29;1;;;OUI;OUI;2026-09-23T10:49:15+02:00;;;;
;;OUI;;34;0;;;OUI;OUI;2026-09-23T10:51:32+02:00;;;;
;;OUI;;34;2;;;OUI;OUI;2026-09-23T10:46:49+02:00;;;;
;;OUI;;5;27;;;OUI;OUI;2026-09-23T10:52:30+02:00;;;;
;;OUI;;29;2;;;OUI;OUI;2026-09-23T10:52:15+02:00;;;;
;;OUI;;1;48;;;OUI;OUI;2026-09-23T10:52:22+02:00;;;;
;;OUI;;15;3;;;OUI;OUI;2026-09-23T10:48:37+02:00;;;;
;;OUI;;45;15;;;OUI;OUI;2026-09-23T10:51:37+02:00;;;;
;;OUI;;0;65;;;OUI;OUI;2026-09-23T10:51:20+02:00;;;;
;;OUI;;18;5;;;OUI;OUI;2026-09-23T10:52:31+02:00;;;;
;;OUI;;4;50;;;OUI;OUI;2026-09-23T10:51:33+02:00;;;;
;;OUI;;4;20;;;OUI;OUI;2026-09-23T10:51:53+02:00;;;;
;;OUI;;10;15;;;OUI;OUI;2026-09-23T10:52:29+02:00;;;;
;;OUI;;52;0;;;OUI;OUI;2026-09-23T10:44:31+02:00;;;;
;;OUI;;2;50;;;OUI;OUI;2026-09-23T10:52:37+02:00;;;;
;;OUI;;15;28;;;OUI;OUI;2026-09-23T10:52:33+02:00;;;;
;;OUI;;31;15;;;OUI;OUI;2026-09-23T10:49:44+02:00;;;;
;;OUI;;23;0;;;OUI;OUI;2026-09-23T10:50:30+02:00;;;;
;;OUI;;17;5;;;OUI;OUI;2026-09-23T10:48:17+02:00;;;;
;;OUI;;4;18;;;OUI;OUI;2026-09-23T10:52:06+02:00;;;;
;;OUI;;27;0;;;OUI;OUI;2026-09-23T10:44:20+02:00;;;;
;;OUI;;7;15;;;OUI;OUI;2026-09-23T10:50:13+02:00;;;;
;;OUI;;25;8;;;OUI;OUI;2026-09-23T10:47:30+02:00;;;;
;;OUI;;1;22;;;OUI;OUI;2026-09-23T10:51:02+02:00;;;;
;;OUI;;4;52;;;OUI;OUI;2026-09-23T10:50:54+02:00;;;;
;;OUI;;32;12;;;OUI;OUI;2026-09-23T10:46:22+02:00;;;;
;;OUI;;10;18;;;OUI;OUI;2026-09-23T10:52:49+02:00;;;;
;;OUI;;4;28;;;OUI;OUI;2026-09-23T10:47:23+02:00;;;;
;;OUI;;11;19;;;OUI;OUI;2026-09-23T10:52:47+02:00;;;;
;;OUI;;16;15;;;OUI;OUI;2026-09-23T10:52:46+02:00;;;;
;;OUI;;7;31;;;OUI;OUI;2026-09-23T10:51:54+02:00;;;;
;;OUI;;2;23;;;OUI;OUI;2026-09-23T10:49:11+02:00;;;;
;;OUI;;0;22;;;OUI;OUI;2026-09-23T10:51:18+02:00;;;;
;;OUI;;20;0;;;OUI;OUI;2026-09-23T10:48:02+02:00;;;;
;;OUI;;29;1;;;OUI;OUI;2026-09-23T10:47:14+02:00;;;;
;;OUI;;9;10;;;OUI;OUI;2026-09-23T10:51:48+02:00;;;;
;;OUI;;1;68;;;OUI;OUI;2026-09-23T10:51:45+02:00;;;;
;;OUI;;8;37;;;OUI;OUI;2026-09-23T10:51:56+02:00;;;;
;;OUI;;41;0;;;OUI;OUI;2026-09-23T10:45:19+02:00;;;;
;;OUI;;20;12;;;OUI;OUI;2026-09-23T10:52:03+02:00;;;;
;;OUI;;11;56;;;OUI;OUI;2026-09-23T10:52:45+02:00;;;;
;;OUI;;51;1;;;OUI;OUI;2026-09-23T10:44:22+02:00;;;;
;;OUI;;53;1;;;OUI;OUI;2026-09-23T10:44:32+02:00;;;;
;;OUI;;1;60;;;OUI;OUI;2026-09-23T10:52:19+02:00;;;;
;;OUI;;20;4;;;OUI;OUI;2026-09-23T10:49:28+02:00;;;;
;;OUI;;29;0;;;OUI;OUI;2026-09-23T10:44:51+02:00;;;;
;;OUI;;44;6;;;OUI;OUI;2026-09-23T10:45:21+02:00;;;;
;;OUI;;32;3;;;OUI;OUI;2026-09-23T10:51:35+02:00;;;;
;;OUI;;22;0;;;OUI;OUI;2026-09-23T10:47:01+02:00;;;;
;;OUI;;33;13;;;OUI;OUI;2026-09-23T10:49:05+02:00;;;;
;;OUI;;9;21;;;OUI;OUI;2026-09-23T10:51:37+02:00;;;;
;;OUI;;30;0;;;OUI;OUI;2026-09-23T10:47:08+02:00;;;;
;;OUI;;29;1;;;OUI;OUI;2026-09-23T10:51:57+02:00;;;;
;;OUI;;20;2;;;OUI;OUI;2026-09-23T10:49:39+02:00;;;;
;;OUI;;16;1;;;OUI;OUI;2026-09-23T10:48:52+02:00;;;;
;;OUI;;3;45;;;OUI;OUI;2026-09-23T10:51:06+02:00;;;;
;;OUI;;11;6;;;OUI;OUI;2026-09-23T10:50:47+02:00;;;;
;;OUI;;22;2;;;OUI;OUI;2026-09-23T10:49:19+02:00;;;;
;;OUI;;21;8;;;OUI;OUI;2026-09-23T10:52:35+02:00;;;;
;;OUI;;23;0;;;OUI;OUI;2026-09-23T10:50:55+02:00;;;;
;;OUI;;34;4;;;OUI;OUI;2026-09-23T10:49:53+02:00;;;;
;;OUI;;3;52;;;OUI;OUI;2026-09-23T10:52:44+02:00;;;;
;;OUI;;20;1;;;OUI;OUI;2026-09-23T10:47:59+02:00;;;;
;;OUI;;10;14;;;OUI;OUI;2026-09-23T10:49:11+02:00;;;;
;;OUI;;19;9;;;OUI;OUI;2026-09-23T10:52:40+02:00;;;;
;;OUI;;23;1;;;OUI;OUI;2026-09-23T10:49:36+02:00;;;;
;;OUI;;6;10;;;OUI;OUI;2026-09-23T10:51:50+02:00;;;;
;;OUI;;47;3;;;OUI;OUI;2026-09-23T10:48:29+02:00;;;;
;;OUI;;46;2;;;OUI;OUI;2026-09-23T10:50:51+02:00;;;;
;;OUI;;16;49;;;OUI;OUI;2026-09-23T10:52:42+02:00;;;;
;;OUI;;9;8;;;OUI;OUI;2026-09-23T10:50:40+02:00;;;;
;;OUI;;34;3;;;OUI;OUI;2026-09-23T10:49:01+02:00;;;;
;;OUI;;21;0;;;OUI;OUI;2026-09-23T10:51:28+02:00;;;;
;;OUI;;4;25;;;OUI;OUI;2026-09-23T10:51:02+02:00;;;;
;;OUI;;13;4;;;OUI;OUI;2026-09-23T10:52:22+02:00;;;;
;;OUI;;11;14;;;OUI;OUI;2026-09-23T10:51:27+02:00;;;;
;;OUI;;30;20;;;OUI;OUI;2026-09-23T10:48:39+02:00;;;;
;;OUI;;18;0;;;OUI;OUI;2026-09-23T10:49:16+02:00;;;;
;;OUI;;23;0;;;OUI;OUI;2026-09-23T10:44:12+02:00;;;;
;;OUI;;33;12;;;OUI;OUI;2026-09-23T10:51:23+02:00;;;;
;;OUI;;28;41;;;OUI;OUI;2026-09-23T10:52:46+02:00;;;;
;;OUI;;10;4;;;OUI;OUI;2026-09-23T10:52:30+02:00;;;;
;;OUI;;11;6;;;OUI;OUI;2026-09-23T10:50:23+02:00;;;;
;;OUI;;11;16;;;OUI;OUI;2026-09-23T10:51:10+02:00;;;;
;;OUI;;10;27;;;OUI;OUI;2026-09-23T10:51:27+02:00;;;;
;;OUI;;19;13;;;OUI;OUI;2026-09-23T10:49:45+02:00;;;;
;;OUI;;48;2;;;OUI;OUI;2026-09-23T10:48:21+02:00;;;;
;;OUI;;49;0;;;OUI;OUI;2026-09-23T10:50:56+02:00;;;;
;;OUI;;4;21;;;OUI;OUI;2026-09-23T10:48:21+02:00;;;;
;;OUI;;17;1;;;OUI;OUI;2026-09-23T10:48:42+02:00;;;;
;;OUI;;9;10;;;OUI;OUI;2026-09-23T10:50:21+02:00;;;;
;;OUI;;8;32;;;OUI;OUI;2026-09-23T10:51:52+02:00;;;;
;;OUI;;13;9;;;OUI;OUI;2026-09-23T10:52:09+02:00;;;;
;;OUI;;6;5;;;OUI;OUI;2026-09-23T10:50:52+02:00;;;;
;;OUI;;34;4;;;OUI;OUI;2026-09-23T10:48:28+02:00;;;;
;;OUI;;14;6;;;OUI;OUI;2026-09-23T10:52:42+02:00;;;;
;;OUI;;46;0;;;NON;NON;2026-09-23T10:44:42+02:00;;;;
;;OUI;;3;32;;;OUI;OUI;2026-09-23T10:50:16+02:00;;;;
;;OUI;;1;20;;;OUI;OUI;2026-09-23T10:52:06+02:00;;;;
;;OUI;;6;7;;;OUI;OUI;2026-09-23T10:51:48+02:00;;;;
;;OUI;;21;1;;;OUI;OUI;2026-09-23T10:49:26+02:00;;;;
;;OUI;;30;1;;;OUI;OUI;2026-09-23T10:51:54+02:00;;;;
;;OUI;;42;1;;;OUI;OUI;2026-09-23T10:52:16+02:00;;;;
;;OUI;;21;13;;;OUI;OUI;2026-09-23T10:50:32+02:00;;;;
;;OUI;;0;23;;;OUI;OUI;2026-09-23T10:51:19+02:00;;;;
;;OUI;;7;3;;;OUI;OUI;2026-09-23T10:50:10+02:00;;;;
;;OUI;;28;11;;;OUI;OUI;2026-09-23T10:52:16+02:00;;;;
;;OUI;;3;32;;;OUI;OUI;2026-09-23T10:51:03+02:00;;;;
;;OUI;;14;6;;;OUI;OUI;2026-09-23T10:50:54+02:00;;;;
;;OUI;;30;0;;;OUI;OUI;2026-09-23T10:45:34+02:00;;;;
;;OUI;;12;5;;;OUI;OUI;2026-09-23T10:46:26+02:00;;;;
;;OUI;;12;19;;;OUI;OUI;2026-09-23T10:48:42+02:00;;;;
;;OUI;;25;1;;;OUI;OUI;2026-09-23T10:50:18+02:00;;;;
;;OUI;;26;1;;;OUI;OUI;2026-09-23T10:46:22+02:00;;;;
;;OUI;;8;18;;;OUI;OUI;2026-09-23T10:51:48+02:00;;;;
;;OUI;;37;3;;;OUI;OUI;2026-09-23T10:51:54+02:00;;;;
;;OUI;;36;3;;;OUI;OUI;2026-09-23T10:52:03+02:00;;;;
;;OUI;;8;12;;;OUI;OUI;2026-09-23T10:50:19+02:00;;;;
;;OUI;;5;25;;;OUI;OUI;2026-09-23T10:51:32+02:00;;;;
;;OUI;;40;0;;;OUI;OUI;2026-09-23T10:50:07+02:00;;;;
;;OUI;;20;7;;;OUI;OUI;2026-09-23T10:49:37+02:00;;;;
;;OUI;;9;17;;;OUI;OUI;2026-09-23T10:48:31+02:00;;;;
;;OUI;;12;8;;;OUI;OUI;2026-09-23T10:47:02+02:00;;;;
;;OUI;;2;37;;;OUI;OUI;2026-09-23T10:52:31+02:00;;;;
;;OUI;;17;4;;;OUI;OUI;2026-09-23T10:52:21+02:00;;;;
;;OUI;;19;0;;;OUI;OUI;2026-09-23T10:46:32+02:00;;;;
;;OUI;;28;1;;;OUI;OUI;2026-09-23T10:44:44+02:00;;;;
;;OUI;;30;2;;;OUI;OUI;2026-09-23T10:46:46+02:00;;;;
;;OUI;;15;17;;;OUI;OUI;2026-09-23T10:51:21+02:00;;;;
;;OUI;;19;18;;;OUI;OUI;2026-09-23T10:52:33+02:00;;;;
;;OUI;;19;4;;;OUI;OUI;2026-09-23T10:51:48+02:00;;;;
;;OUI;;25;14;;;OUI;OUI;2026-09-23T10:51:12+02:00;;;;
;;OUI;;20;0;;;OUI;OUI;2026-09-23T10:51:39+02:00;;;;
;;OUI;;0;62;;;OUI;OUI;2026-09-23T10:52:23+02:00;;;;
;;OUI;;9;9;;;OUI;OUI;2026-09-23T10:51:14+02:00;;;;
;;OUI;;15;24;;;OUI;OUI;2026-09-23T10:52:18+02:00;;;;
;;OUI;;1;19;;;OUI;OUI;2026-09-23T10:51:35+02:00;;;;
;;OUI;;1;32;;;OUI;OUI;2026-09-23T10:52:33+02:00;;;;
;;OUI;;21;11;;;OUI;OUI;2026-09-23T10:51:52+02:00;;;;
;;OUI;;48;14;;;OUI;OUI;2026-09-23T10:51:58+02:00;;;;
;;OUI;;18;2;;;OUI;OUI;2026-09-23T10:50:08+02:00;;;;
;;OUI;;39;0;;;OUI;OUI;2026-09-23T10:52:09+02:00;;;;
;;OUI;;10;13;;;OUI;OUI;2026-09-23T10:48:25+02:00;;;;
;;OUI;;8;43;;;OUI;OUI;2026-09-23T10:51:34+02:00;;;;
;;OUI;;20;3;;;OUI;OUI;2026-09-23T10:49:10+02:00;;;;
;;OUI;;2;16;;;OUI;OUI;2026-09-23T10:49:56+02:00;;;;
;;OUI;;13;13;;;OUI;OUI;2026-09-23T10:49:41+02:00;;;;
;;OUI;;2;28;;;OUI;OUI;2026-09-23T10:51:56+02:00;;;;
;;OUI;;16;34;;;OUI;OUI;2026-09-23T10:50:35+02:00;;;;
;;OUI;;0;28;;;OUI;OUI;2026-09-23T10:50:16+02:00;;;;
;;OUI;;20;0;;;NON;NON;2026-09-08T11:44:22+02:00;;;;
;;OUI;;15;9;;;OUI;OUI;2026-09-23T10:51:39+02:00;;;;
;;OUI;;23;1;;;OUI;OUI;2026-09-23T10:48:19+02:00;;;;
;;OUI;;1;24;;;OUI;OUI;2026-09-23T10:52:37+02:00;;;;
;;OUI;;36;0;;;OUI;OUI;2026-09-23T10:50:32+02:00;;;;
;;OUI;;19;11;;;OUI;OUI;2026-09-23T10:47:38+02:00;;;;
;;OUI;;2;27;;;OUI;OUI;2026-09-23T10:50:57+02:00;;;;
;;OUI;;19;23;;;OUI;OUI;2026-09-23T10:50:49+02:00;;;;
;;OUI;;6;12;;;OUI;OUI;2026-09-23T10:48:47+02:00;;;;
;;OUI;;12;18;;;OUI;OUI;2026-09-23T10:52:31+02:00;;;;
;;OUI;;0;31;;;OUI;OUI;2026-09-23T10:50:02+02:00;;;;
;;OUI;;5;25;;;OUI;OUI;2026-09-23T10:51:30+02:00;;;;
;;OUI;;27;0;;;OUI;OUI;2026-09-23T10:46:59+02:00;;;;
;;OUI;;25;0;;;NON;NON;2021-02-21T20:09:18+01:00;;;;
;;OUI;;9;16;;;OUI;OUI;2026-09-23T10:48:33+02:00;;;;
;;OUI;;3;32;;;OUI;OUI;2026-09-23T10:51:56+02:00;;;;
;;OUI;;29;16;;;OUI;OUI;2026-09-23T10:52:00+02:00;;;;
;;OUI;;2;37;;;OUI;OUI;2026-09-23T10:52:02+02:00;;;;
;;OUI;;28;28;;;OUI;OUI;2026-09-23T10:52:22+02:00;;;;
;;OUI;;32;17;;;OUI;OUI;2026-09-23T10:47:41+02:00;;;;
;;OUI;;23;1;;;OUI;OUI;2026-09-23T10:47:25+02:00;;;;
;;OUI;;13;18;;;OUI;OUI;2026-09-23T10:51:31+02:00;;;;
;;OUI;;7;28;;;OUI;OUI;2026-09-23T10:51:51+02:00;;;;
;;OUI;;4;32;;;OUI;OUI;2026-09-23T10:52:26+02:00;;;;
;;OUI;;6;20;;;OUI;OUI;2026-09-23T10:49:45+02:00;;;;
;;OUI;;22;1;;;OUI;OUI;2026-09-23T10:51:34+02:00;;;;
;;OUI;;28;4;;;OUI;OUI;2026-09-23T10:45:06+02:00;;;;
;;OUI;;3;19;;;OUI;OUI;2026-09-23T10:52:25+02:00;;;;
;;OUI;;23;5;;;OUI;OUI;2026-09-23T10:51:42+02:00;;;;
;;OUI;;14;15;;;OUI;OUI;2026-09-23T10:51:33+02:00;;;;
;;OUI;;1;16;;;OUI;OUI;2026-09-23T10:51:58+02:00;;;;
;;OUI;;4;24;;;OUI;OUI;2026-09-23T10:49:18+02:00;;;;
;;OUI;;21;1;;;OUI;OUI;2026-09-23T10:50:47+02:00;;;;
;;OUI;;10;32;;;OUI;OUI;2026-09-23T10:51:01+02:00;;;;
;;OUI;;30;2;;;OUI;OUI;2026-09-23T10:45:49+02:00;;;;
;;OUI;;15;2;;;OUI;OUI;2026-09-23T10:50:36+02:00;;;;
;;OUI;;17;12;;;OUI;OUI;2026-09-23T10:51:15+02:00;;;;
;;OUI;;28;2;;;OUI;OUI;2026-09-23T10:48:09+02:00;;;;
;;OUI;;29;7;;;OUI;OUI;2026-09-23T10:45:51+02:00;;;;
;;OUI;;22;5;;;OUI;OUI;2026-09-23T10:52:12+02:00;;;;
;;OUI;;32;30;;;OUI;OUI;2026-09-23T10:52:39+02:00;;;;
;;OUI;;29;1;;;OUI;OUI;2026-09-23T10:45:05+02:00;;;;
;;OUI;;2;33;;;OUI;OUI;2026-09-23T10:51:58+02:00;;;;
;;OUI;;4;37;;;OUI;OUI;2026-09-23T10:52:36+02:00;;;;
;;OUI;;46;4;;;OUI;OUI;2026-09-23T10:48:14+02:00;;;;
;;OUI;;2;26;;;OUI;OUI;2026-09-23T10:52:00+02:00;;;;
;;OUI;;13;47;;;OUI;OUI;2026-09-23T10:52:09+02:00;;;;
;;OUI;;8;26;;;OUI;OUI;2026-09-23T10:47:43+02:00;;;;
;;OUI;;13;7;;;OUI;OUI;2026-09-23T10:44:35+02:00;;;;
;;OUI;;26;1;;;OUI;OUI;2026-09-23T10:45:03+02:00;;;;
;;OUI;;16;20;;;OUI;OUI;2026-09-23T10:49:50+02:00;;;;
;;OUI;;24;12;;;OUI;OUI;2026-09-23T10:52:01+02:00;;;;
;;OUI;;18;11;;;OUI;OUI;2026-09-23T10:44:34+02:00;;;;
;;OUI;;22;13;;;OUI;OUI;2026-09-23T10:51:20+02:00;;;;
;;OUI;;31;1;;;OUI;OUI;2026-09-23T10:48:04+02:00;;;;
;;OUI;;33;6;;;OUI;OUI;2026-09-23T10:50:02+02:00;;;;
;;OUI;;3;12;;;OUI;OUI;2026-09-23T10:48:12+02:00;;;;
;;OUI;;39;1;;;OUI;OUI;2026-09-23T10:49:26+02:00;;;;
;;OUI;;1;55;;;OUI;OUI;2026-09-23T10:52:12+02:00;;;;
;;OUI;;13;6;;;OUI;OUI;2026-09-23T10:51:14+02:00;;;;
;;OUI;;10;13;;;OUI;OUI;2026-09-23T10:50:22+02:00;;;;
;;OUI;;10;2;;;OUI;OUI;2026-09-23T10:52:14+02:00;;;;
;;OUI;;2;13;;;OUI;OUI;2026-09-23T10:51:51+02:00;;;;
;;OUI;;28;1;;;OUI;OUI;2026-09-23T10:44:40+02:00;;;;
;;OUI;;18;2;;;OUI;OUI;2026-09-23T10:45:31+02:00;;;;
;;OUI;;15;15;;;OUI;OUI;2026-09-23T10:48:01+02:00;;;;
;;OUI;;8;19;;;OUI;OUI;2026-09-23T10:51:08+02:00;;;;
;;OUI;;16;17;;;OUI;OUI;2026-09-23T10:51:03+02:00;;;;
;;OUI;;11;13;;;OUI;OUI;2026-09-23T10:51:01+02:00;;;;
;;OUI;;27;0;;;OUI;OUI;2026-09-23T10:50:54+02:00;;;;
;;OUI;;21;1;;;OUI;OUI;2026-09-23T10:48:58+02:00;;;;
;;OUI;;12;14;;;OUI;OUI;2026-09-23T10:52:19+02:00;;;;
;;OUI;;22;1;;;OUI;OUI;2026-09-23T10:47:53+02:00;;;;
;;OUI;;13;7;;;OUI;OUI;2026-09-23T10:46:13+02:00;;;;
;;OUI;;33;4;;;OUI;OUI;2026-09-23T10:52:33+02:00;;;;
;;OUI;;29;11;;;OUI;OUI;2026-09-23T10:52:06+02:00;;;;
;;OUI;;18;1;;;OUI;OUI;2026-09-23T10:47:04+02:00;;;;
;;OUI;;28;0;;;OUI;OUI;2026-09-23T10:52:22+02:00;;;;
;;OUI;;11;7;;;OUI;OUI;2026-09-23T10:50:48+02:00;;;;
;;OUI;;22;0;;;OUI;OUI;2026-09-23T10:46:24+02:00;;;;
;;OUI;;0;19;;;OUI;OUI;2026-09-23T10:52:46+02:00;;;;
;;OUI;;0;28;;;OUI;OUI;2026-09-23T10:52:28+02:00;;;;
;;OUI;;34;40;;;OUI;OUI;2026-09-23T10:52:27+02:00;;;;
;;OUI;;7;40;;;OUI;OUI;2026-09-23T10:52:01+02:00;;;;
;;OUI;;32;0;;;NON;NON;2026-09-23T10:45:18+02:00;;;;
;;OUI;;32;3;;;OUI;OUI;2026-09-23T10:51:16+02:00;;;;
;;OUI;;8;20;;;OUI;OUI;2026-09-23T10:51:30+02:00;;;;
;;OUI;;21;9;;;OUI;OUI;2026-09-23T10:52:09+02:00;;;;
;;OUI;;17;8;;;OUI;OUI;2026-09-23T10:52:25+02:00;;;;
;;OUI;;0;14;;;OUI;OUI;2026-09-23T10:52:38+02:00;;;;
;;OUI;;1;25;;;OUI;OUI;2026-09-23T10:51:55+02:00;;;;
;;OUI;;38;1;;;OUI;OUI;2026-09-23T10:47:02+02:00;;;;
;;OUI;;22;2;;;OUI;OUI;2026-09-23T10:46:22+02:00;;;;
;;OUI;;24;0;;;OUI;OUI;2026-09-23T10:50:29+02:00;;;;
;;OUI;;10;11;;;OUI;OUI;2026-09-23T10:47:55+02:00;;;;
;;OUI;;2;20;;;OUI;OUI;2026-09-23T10:52:08+02:00;;;;
;;OUI;;17;1;;;OUI;OUI;2026-09-23T10:49:51+02:00;;;;
;;OUI;;23;6;;;OUI;OUI;2026-09-23T10:48:48+02:00;;;;
;;OUI;;4;19;;;OUI;OUI;2026-09-23T10:50:35+02:00;;;;
;;OUI;;7;32;;;OUI;OUI;2026-09-23T10:52:05+02:00;;;;
;;OUI;;8;9;;;OUI;OUI;2026-09-23T10:47:22+02:00;;;;
;;OUI;;12;12;;;OUI;OUI;2026-09-23T10:50:54+02:00;;;;
;;OUI;;25;6;;;OUI;OUI;2026-09-23T10:47:37+02:00;;;;
;;OUI;;1;32;;;OUI;OUI;2026-09-23T10:49:34+02:00;;;;
;;OUI;;35;0;;;OUI;OUI;2026-09-23T10:48:08+02:00;;;;
;;OUI;;3;19;;;OUI;OUI;2026-09-23T10:52:47+02:00;;;;
;;OUI;;14;28;;;OUI;OUI;2026-09-23T10:51:52+02:00;;;;
;;OUI;;13;18;;;OUI;OUI;2026-09-23T10:52:34+02:00;;;;
;;OUI;;25;8;;;OUI;OUI;2026-09-23T10:48:32+02:00;;;;
;;OUI;;27;12;;;OUI;OUI;2026-09-23T10:49:04+02:00;;;;
;;OUI;;42;1;;;OUI;OUI;2026-09-23T10:46:58+02:00;;;;
;;OUI;;1;27;;;OUI;OUI;2026-09-23T10:52:42+02:00;;;;
;;OUI;;16;7;;;OUI;OUI;2026-09-23T10:50:00+02:00;;;;
;;OUI;;19;6;;;OUI;OUI;2026-09-23T10:49:55+02:00;;;;
;;OUI;;24;3;;;OUI;OUI;2026-09-23T10:52:05+02:00;;;;
;;OUI;;19;4;;;OUI;OUI;2026-09-23T10:51:18+02:00;;;;
;;OUI;;8;57;;;OUI;OUI;2026-09-23T10:52:03+02:00;;;;
;;OUI;;8;22;;;OUI;OUI;2026-09-23T10:51:09+02:00;;;;
;;OUI;;7;35;;;OUI;OUI;2026-09-23T10:52:43+02:00;;;;
;;OUI;;7;9;;;OUI;OUI;2026-09-23T10:52:18+02:00;;;;
;;OUI;;7;13;;;OUI;OUI;2026-09-23T10:48:35+02:00;;;;
;;OUI;;19;12;;;OUI;OUI;2026-09-23T10:51:12+02:00;;;;
;;OUI;;1;22;;;OUI;OUI;2026-09-23T10:52:25+02:00;;;;
;;OUI;;14;2;;;OUI;OUI;2026-09-23T10:52:04+02:00;;;;
;;OUI;;7;20;;;OUI;OUI;2026-09-23T10:50:10+02:00;;;;
;;OUI;;9;11;;;OUI;OUI;2026-09-23T10:51:12+02:00;;;;
;;OUI;;21;10;;;OUI;OUI;2026-09-23T10:52:08+02:00;;;;
;;OUI;;5;15;;;OUI;OUI;2026-09-23T10:51:39+02:00;;;;
;;OUI;;21;1;;;OUI;OUI;2026-09-23T10:48:54+02:00;;;;
;;OUI;;2;23;;;OUI;OUI;2026-09-23T10:51:54+02:00;;;;
;;OUI;;29;6;;;OUI;OUI;2026-09-23T10:51:20+02:00;;;;
;;OUI;;12;21;;;OUI;OUI;2026-09-23T10:51:02+02:00;;;;
;;OUI;;3;61;;;OUI;OUI;2026-09-23T10:52:15+02:00;;;;
;;OUI;;9;19;;;OUI;OUI;2026-09-23T10:48:44+02:00;;;;
;;OUI;;23;1;;;OUI;OUI;2026-09-23T10:51:47+02:00;;;;
;;OUI;;56;0;;;OUI;OUI;2026-09-23T10:50:14+02:00;;;;
;;OUI;;12;4;;;OUI;OUI;2026-09-23T10:42:52+02:00;;;;
;;OUI;;48;5;;;OUI;OUI;2026-09-23T10:51:38+02:00;;;;
;;OUI;;20;0;;;OUI;OUI;2026-09-23T10:47:08+02:00;;;;
;;OUI;;3;40;;;OUI;OUI;2026-09-23T10:52:12+02:00;;;;
;;OUI;;15;11;;;OUI;OUI;2026-09-23T10:52:46+02:00;;;;
;;OUI;;22;7;;;OUI;OUI;2026-09-23T10:45:43+02:00;;;;
;;OUI;;19;0;;;OUI;OUI;2026-09-23T10:45:51+02:00;;;;
;;OUI;;29;2;;;OUI;OUI;2026-09-23T10:52:47+02:00;;;;
;;OUI;;24;1;;;OUI;OUI;2026-09-23T10:52:26+02:00;;;;
;;OUI;;21;2;;;OUI;OUI;2026-09-23T10:52:23+02:00;;;;
;;OUI;;23;4;;;OUI;OUI;2026-09-23T10:48:27+02:00;;;;
;;OUI;;22;0;;;OUI;OUI;2026-09-23T10:50:52+02:00;;;;
;;OUI;;19;1;;;OUI;OUI;2026-09-23T10:51:00+02:00;;;;
;;OUI;;2;27;;;OUI;OUI;2026-09-23T10:52:17+02:00;;;;
;;OUI;;20;5;;;OUI;OUI;2026-09-23T10:50:39+02:00;;;;
;;OUI;;26;5;;;OUI;OUI;2026-09-23T10:46:22+02:00;;;;
;;OUI;;39;1;;;NON;NON;2026-07-30T08:06:47+02:00;;;;
;;OUI;;8;30;;;OUI;OUI;2026-09-23T10:47:22+02:00;;;;
;;OUI;;0;28;;;OUI;OUI;2026-09-23T10:49:24+02:00;;;;
;;OUI;;11;38;;;OUI;OUI;2026-09-23T10:52:03+02:00;;;;
;;OUI;;20;0;;;OUI;OUI;2026-09-23T10:51:51+02:00;;;;
;;OUI;;61;4;;;OUI;OUI;2026-09-23T10:50:46+02:00;;;;
;;OUI;;36;10;;;OUI;OUI;2026-09-23T10:52:22+02:00;;;;
;;OUI;;5;20;;;OUI;OUI;2026-09-23T10:51:39+02:00;;;;
;;OUI;;4;17;;;OUI;OUI;2026-09-23T10:50:45+02:00;;;;
;;OUI;;35;2;;;OUI;OUI;2026-09-23T10:47:12+02:00;;;;
;;OUI;;5;20;;;OUI;OUI;2026-09-23T10:51:34+02:00;;;;
;;OUI;;11;20;;;OUI;OUI;2026-09-23T10:51:09+02:00;;;;
;;OUI;;17;0;;;OUI;OUI;2026-09-23T10:46:43+02:00;;;;
;;OUI;;53;1;;;OUI;OUI;2026-09-23T10:49:29+02:00;;;;
;;OUI;;20;2;;;OUI;OUI;2026-09-23T10:51:24+02:00;;;;
;;OUI;;49;5;;;OUI;OUI;2026-09-23T10:48:37+02:00;;;;
;;OUI;;3;16;;;OUI;OUI;2026-09-23T10:51:35+02:00;;;;
;;OUI;;10;13;;;OUI;OUI;2026-09-23T10:51:30+02:00;;;;
;;OUI;;17;2;;;OUI;OUI;2026-09-23T10:50:13+02:00;;;;
;;OUI;;6;13;;;OUI;OUI;2026-09-23T10:50:34+02:00;;;;
;;OUI;;10;10;;;OUI;OUI;2026-09-23T10:52:25+02:00;;;;
;;OUI;;19;17;;;OUI;OUI;2026-09-23T10:50:22+02:00;;;;
;;OUI;;33;3;;;OUI;OUI;2026-09-23T10:49:17+02:00;;;;
;;OUI;;29;2;;;OUI;OUI;2026-09-23T10:50:30+02:00;;;;
;;OUI;;38;0;;;OUI;OUI;2026-09-23T10:49:03+02:00;;;;
;;OUI;;4;25;;;OUI;OUI;2026-09-23T10:50:41+02:00;;;;
;;OUI;;16;12;;;OUI;OUI;2026-09-23T10:51:00+02:00;;;;
;;OUI;;32;3;;;OUI;OUI;2026-09-23T10:50:44+02:00;;;;
;;OUI;;12;15;;;OUI;OUI;2026-09-23T10:52:45+02:00;;;;
;;OUI;;27;1;;;OUI;OUI;2026-09-23T10:48:42+02:00;;;;
;;OUI;;24;2;;;OUI;OUI;2026-09-23T10:50:44+02:00;;;;
;;OUI;;14;10;;;OUI;OUI;2026-09-23T10:51:43+02:00;;;;
;;OUI;;17;6;;;OUI;OUI;2026-09-23T10:51:40+02:00;;;;
;;OUI;;35;11;;;OUI;OUI;2026-09-23T10:52:37+02:00;;;;
;;OUI;;1;29;;;OUI;OUI;2026-09-23T10:51:54+02:00;;;;
;;OUI;;19;1;;;OUI;OUI;2026-09-23T10:52:42+02:00;;;;
;;OUI;;29;0;;;OUI;OUI;2026-09-23T10:46:36+02:00;;;;
;;OUI;;15;14;;;OUI;OUI;2026-09-23T10:51:46+02:00;;;;
;;OUI;;30;5;;;OUI;OUI;2026-09-23T10:51:14+02:00;;;;
;;OUI;;13;5;;;OUI;OUI;2026-09-23T10:50:08+02:00;;;;
;;OUI;;31;20;;;OUI;OUI;2026-09-23T10:52:26+02:00;;;;
;;OUI;;18;1;;;OUI;OUI;2026-09-23T10:50:39+02:00;;;;
;;OUI;;0;74;;;OUI;OUI;2026-09-23T10:52:19+02:00;;;;
;;OUI;;14;11;;;OUI;OUI;2026-09-23T10:51:44+02:00;;;;
;;OUI;;0;25;;;OUI;OUI;2026-09-23T10:52:18+02:00;;;;
;;OUI;;14;9;;;OUI;OUI;2026-09-23T10:49:50+02:00;;;;
;;OUI;;50;4;;;OUI;OUI;2026-09-23T10:51:04+02:00;;;;
;;OUI;;24;3;;;OUI;OUI;2026-09-23T10:51:25+02:00;;;;
;;OUI;;62;2;;;OUI;OUI;2026-09-23T10:52:18+02:00;;;;
;;OUI;;25;1;;;OUI;OUI;2026-09-23T10:52:41+02:00;;;;
;;OUI;;30;19;;;OUI;OUI;2026-09-23T10:50:48+02:00;;;;
;;OUI;;1;11;;;OUI;OUI;2026-09-23T10:49:04+02:00;;;;
;;OUI;;25;4;;;OUI;OUI;2026-09-23T10:52:46+02:00;;;;
;;OUI;;36;4;;;OUI;OUI;2026-09-23T10:51:25+02:00;;;;
;;OUI;;46;3;;;OUI;OUI;2026-09-23T10:48:57+02:00;;;;
;;OUI;;29;3;;;OUI;OUI;2026-09-23T10:51:52+02:00;;;;
;;OUI;;15;38;;;OUI;OUI;2026-09-23T10:52:41+02:00;;;;
;;OUI;;26;0;;;OUI;OUI;2026-09-23T10:49:04+02:00;;;;
;;OUI;;22;14;;;OUI;OUI;2026-09-23T10:50:37+02:00;;;;
;;OUI;;46;0;;;OUI;OUI;2026-09-23T10:51:31+02:00;;;;
;;OUI;;6;15;;;OUI;OUI;2026-09-23T10:52:01+02:00;;;;
;;OUI;;16;7;;;OUI;OUI;2026-09-23T10:49:26+02:00;;;;
;;OUI;;16;9;;;OUI;OUI;2026-09-23T10:51:50+02:00;;;;
;;OUI;;25;2;;;OUI;OUI;2026-09-23T10:52:02+02:00;;;;
;;OUI;;29;14;;;OUI;OUI;2026-09-23T10:50:33+02:00;;;;
;;OUI;;46;6;;;OUI;OUI;2026-09-23T10:50:11+02:00;;;;
;;OUI;;17;18;;;OUI;OUI;2026-09-23T10:47:34+02:00;;;;
;;OUI;;1;34;;;OUI;OUI;2026-09-23T10:52:30+02:00;;;;
;;OUI;;35;4;;;OUI;OUI;2026-09-23T10:52:14+02:00;;;;
;;OUI;;18;0;;;NON;NON;2026-09-23T10:45:54+02:00;;;;
;;OUI;;18;1;;;OUI;OUI;2026-09-23T10:46:49+02:00;;;;
;;OUI;;2;19;;;OUI;OUI;2026-09-23T10:52:44+02:00;;;;
;;OUI;;20;10;;;OUI;OUI;2026-09-23T10:49:51+02:00;;;;
;;OUI;;25;0;;;OUI;OUI;2026-09-23T10:50:48+02:00;;;;
;;OUI;;18;39;;;OUI;OUI;2026-09-23T10:52:47+02:00;;;;
;;OUI;;50;14;;;OUI;OUI;2026-09-23T10:51:38+02:00;;;;
;;OUI;;2;38;;;OUI;OUI;2026-09-23T10:51:52+02:00;;;;
;;OUI;;24;4;;;OUI;OUI;2026-09-23T10:51:34+02:00;;;;
;;OUI;;47;0;;;NON;NON;2026-09-23T10:48:40+02:00;;;;
;;OUI;;29;10;;;OUI;OUI;2026-09-23T10:50:34+02:00;;;;
;;OUI;;27;38;;;OUI;OUI;2026-09-23T10:52:48+02:00;;;;
;;OUI;;25;0;;;OUI;OUI;2026-09-23T10:49:00+02:00;;;;
;;OUI;;16;4;;;OUI;OUI;2026-09-23T10:47:36+02:00;;;;
;;OUI;;22;7;;;OUI;OUI;2026-09-23T10:51:39+02:00;;;;
;;OUI;;20;4;;;OUI;OUI;2026-09-23T10:48:56+02:00;;;;
;;OUI;;17;2;;;OUI;OUI;2026-09-23T10:45:35+02:00;;;;
;;OUI;;8;5;;;OUI;OUI;2026-09-23T10:49:51+02:00;;;;
;;OUI;;29;0;;;OUI;OUI;2026-09-23T10:49:31+02:00;;;;
;;OUI;;23;0;;;OUI;OUI;2026-09-23T10:46:44+02:00;;;;
;;OUI;;13;3;;;OUI;OUI;2026-09-23T10:50:48+02:00;;;;
;;OUI;;30;0;;;OUI;OUI;2026-09-23T10:51:51+02:00;;;;
;;OUI;;19;26;;;OUI;OUI;2026-09-23T10:51:03+02:00;;;;
;;OUI;;13;21;;;OUI;OUI;2026-09-23T10:50:02+02:00;;;;
;;OUI;;20;5;;;OUI;OUI;2026-09-23T10:46:38+02:00;;;;
;;OUI;;28;2;;;OUI;OUI;2026-09-23T10:50:47+02:00;;;;
;;OUI;;0;37;;;OUI;OUI;2026-09-23T10:51:35+02:00;;;;
;;OUI;;25;8;;;OUI;OUI;2026-09-23T10:50:42+02:00;;;;
;;OUI;;22;4;;;OUI;OUI;2026-09-23T10:47:32+02:00;;;;
;;OUI;;24;1;;;OUI;OUI;2026-09-23T10:49:12+02:00;;;;
;;OUI;;48;4;;;OUI;OUI;2026-09-23T10:51:48+02:00;;;;
;;OUI;;34;1;;;OUI;OUI;2026-09-23T10:50:23+02:00;;;;
;;OUI;;20;4;;;OUI;OUI;2026-09-23T10:51:04+02:00;;;;
;;OUI;;5;19;;;OUI;OUI;2026-09-23T10:52:11+02:00;;;;
;;OUI;;0;16;;;OUI;OUI;2026-09-23T10:52:42+02:00;;;;
;;OUI;;10;9;;;OUI;OUI;2026-09-23T10:52:24+02:00;;;;
;;OUI;;24;1;;;OUI;OUI;2026-09-23T10:50:40+02:00;;;;
;;OUI;;21;3;;;OUI;OUI;2026-09-23T10:48:13+02:00;;;;
;;OUI;;17;3;;;OUI;OUI;2026-09-23T10:47:56+02:00;;;;
;;OUI;;1;34;;;OUI;OUI;2026-09-23T10:52:35+02:00;;;;
;;OUI;;14;6;;;OUI;OUI;2026-09-23T10:51:19+02:00;;;;
;;OUI;;37;1;;;OUI;OUI;2026-09-23T10:47:45+02:00;;;;
;;OUI;;12;25;;;OUI;OUI;2026-09-23T10:52:49+02:00;;;;
;;OUI;;15;32;;;OUI;OUI;2026-09-23T10:51:14+02:00;;;;
;;OUI;;8;24;;;OUI;OUI;2026-09-23T10:46:44+02:00;;;;
;;OUI;;28;4;;;OUI;OUI;2026-09-23T10:48:45+02:00;;;;
;;OUI;;33;0;;;OUI;OUI;2026-09-23T10:52:31+02:00;;;;
;;OUI;;21;16;;;OUI;OUI;2026-09-23T10:52:35+02:00;;;;
;;OUI;;7;11;;;OUI;OUI;2026-09-23T10:50:05+02:00;;;;
;;OUI;;4;15;;;OUI;OUI;2026-09-23T10:50:18+02:00;;;;
;;OUI;;17;3;;;OUI;OUI;2026-09-23T10:51:03+02:00;;;;
;;OUI;;25;27;;;OUI;OUI;2026-09-23T10:51:36+02:00;;;;
;;OUI;;20;4;;;OUI;OUI;2026-09-23T10:45:28+02:00;;;;
;;OUI;;24;0;;;NON;NON;2026-09-23T10:43:56+02:00;;;;
;;OUI;;0;59;;;OUI;OUI;2026-09-23T10:51:47+02:00;;;;
;;OUI;;5;21;;;OUI;OUI;2026-09-23T10:50:05+02:00;;;;
;;OUI;;11;42;;;OUI;OUI;2026-09-23T10:52:18+02:00;;;;
;;OUI;;16;11;;;OUI;OUI;2026-09-23T10:52:03+02:00;;;;
;;OUI;;18;3;;;OUI;OUI;2026-09-23T10:52:48+02:00;;;;
;;OUI;;15;1;;;OUI;OUI;2026-09-23T10:50:12+02:00;;;;
;;OUI;;2;35;;;OUI;OUI;2026-09-23T10:52:25+02:00;;;;
;;OUI;;24;2;;;OUI;OUI;2026-09-23T10:51:23+02:00;;;;
;;OUI;;14;14;;;OUI;OUI;2026-09-23T10:51:43+02:00;;;;
;;OUI;;16;8;;;OUI;OUI;2026-09-23T10:52:33+02:00;;;;
;;OUI;;36;17;;;OUI;OUI;2026-09-23T10:51:51+02:00;;;;
;;OUI;;3;23;;;OUI;OUI;2026-09-23T10:52:00+02:00;;;;
;;OUI;;1;30;;;OUI;OUI;2026-09-23T10:52:10+02:00;;;;
;;OUI;;19;4;;;OUI;OUI;2026-09-23T10:51:12+02:00;;;;
;;OUI;;38;0;;;NON;NON;2025-07-24T11:26:03+02:00;;;;
;;OUI;;30;1;;;OUI;OUI;2026-09-23T10:51:34+02:00;;;;
;;OUI;;17;8;;;OUI;OUI;2026-09-23T10:51:55+02:00;;;;
;;OUI;;14;4;;;OUI;OUI;2026-09-23T10:52:28+02:00;;;;
;;OUI;;41;3;;;OUI;OUI;2026-09-23T10:47:52+02:00;;;;
;;OUI;;58;0;;;OUI;OUI;2026-09-23T10:52:41+02:00;;;;
;;OUI;;5;24;;;OUI;OUI;2026-09-23T10:50:30+02:00;;;;
;;OUI;;20;3;;;OUI;OUI;2026-09-23T10:51:00+02:00;;;;
;;OUI;;3;17;;;OUI;OUI;2026-09-23T10:49:32+02:00;;;;
;;OUI;;9;9;;;OUI;OUI;2026-09-23T10:48:24+02:00;;;;
;;OUI;;5;9;;;OUI;OUI;2026-09-23T10:52:47+02:00;;;;
;;OUI;;38;5;;;OUI;OUI;2026-09-23T10:52:42+02:00;;;;
;;OUI;;33;7;;;OUI;OUI;2026-09-23T10:52:13+02:00;;;;
;;OUI;;11;15;;;OUI;OUI;2026-09-23T10:51:56+02:00;;;;
;;OUI;;32;3;;;OUI;OUI;2026-09-23T10:51:47+02:00;;;;
;;OUI;;15;12;;;OUI;OUI;2026-09-23T10:52:20+02:00;;;;
;;OUI;;18;4;;;OUI;OUI;2026-09-23T10:50:42+02:00;;;;
;;OUI;;33;16;;;OUI;OUI;2026-09-23T10:52:31+02:00;;;;
;;OUI;;0;34;;;OUI;OUI;2026-09-23T10:51:17+02:00;;;;
;;OUI;;40;9;;;OUI;OUI;2026-09-23T10:52:06+02:00;;;;
;;OUI;;3;47;;;OUI;OUI;2026-09-23T10:52:15+02:00;;;;
;;OUI;;3;13;;;OUI;OUI;2026-09-23T10:47:43+02:00;;;;
;;OUI;;6;15;;;OUI;OUI;2026-09-23T10:51:17+02:00;;;;
;;OUI;;61;0;;;OUI;OUI;2026-09-23T03:52:22+02:00;;;;
;;OUI;;29;1;;;OUI;OUI;2026-09-23T10:47:52+02:00;;;;
;;OUI;;0;75;;;OUI;OUI;2026-09-23T10:51:27+02:00;;;;
;;OUI;;1;39;;;OUI;OUI;2026-09-23T10:49:47+02:00;;;;
;;OUI;;26;9;;;OUI;OUI;2026-09-23T10:50:14+02:00;;;;
;;OUI;;7;22;;;OUI;OUI;2026-09-23T10:50:34+02:00;;;;
;;OUI;;0;36;;;OUI;OUI;2026-09-23T10:51:27+02:00;;;;
;;OUI;;13;22;;;OUI;OUI;2026-09-23T10:50:44+02:00;;;;
;;OUI;;8;10;;;OUI;OUI;2026-09-23T10:52:08+02:00;;;;
;;OUI;;14;2;;;OUI;OUI;2026-09-23T10:50:13+02:00;;;;
;;OUI;;11;12;;;OUI;OUI;2026-09-23T10:46:49+02:00;;;;
;;OUI;;3;18;;;OUI;OUI;2026-09-23T10:51:37+02:00;;;;
;;OUI;;0;41;;;OUI;OUI;2026-09-23T10:51:57+02:00;;;;
;;OUI;;11;1;;;OUI;OUI;2026-09-23T10:45:12+02:00;;;;
;;OUI;;8;11;;;OUI;OUI;2026-09-23T10:52:09+02:00;;;;
;;OUI;;36;7;;;OUI;OUI;2026-09-23T10:47:18+02:00;;;;
;;OUI;;0;31;;;OUI;OUI;2026-09-23T10:50:58+02:00;;;;
;;OUI;;2;48;;;OUI;OUI;2026-09-23T10:52:41+02:00;;;;
;;OUI;;17;27;;;OUI;OUI;2026-09-23T10:52:42+02:00;;;;
;;OUI;;1;21;;;OUI;OUI;2026-09-23T10:51:59+02:00;;;;
;;OUI;;4;56;;;OUI;OUI;2026-09-23T10:52:04+02:00;;;;
;;OUI;;14;5;;;OUI;OUI;2026-09-23T10:49:31+02:00;;;;
;;OUI;;33;1;;;OUI;OUI;2026-09-23T10:51:18+02:00;;;;
;;OUI;;17;8;;;OUI;OUI;2026-09-23T10:50:56+02:00;;;;
;;OUI;;56;1;;;OUI;OUI;2026-09-23T10:51:37+02:00;;;;
;;OUI;;8;13;;;OUI;OUI;2026-09-23T10:51:58+02:00;;;;
;;OUI;;20;2;;;OUI;OUI;2026-09-23T10:51:35+02:00;;;;
;;OUI;;8;9;;;OUI;OUI;2026-09-23T10:51:28+02:00;;;;
;;OUI;;26;1;;;OUI;OUI;2026-09-23T10:51:02+02:00;;;;
;;OUI;;20;7;;;OUI;OUI;2026-09-23T10:49:43+02:00;;;;
;;OUI;;14;20;;;OUI;OUI;2026-09-23T10:51:57+02:00;;;;
;;OUI;;51;1;;;OUI;OUI;2026-09-23T10:48:56+02:00;;;;
;;OUI;;0;19;;;OUI;OUI;2026-09-23T10:52:19+02:00;;;;
;;OUI;;25;5;;;OUI;OUI;2026-09-23T10:50:23+02:00;;;;
;;OUI;;7;10;;;OUI;OUI;2026-09-23T10:51:59+02:00;;;;
;;OUI;;10;15;;;OUI;OUI;2026-09-23T10:50:27+02:00;;;;
;;OUI;;14;20;;;OUI;OUI;2026-09-23T10:46:20+02:00;;;;
;;OUI;;18;1;;;OUI;OUI;2026-09-23T10:51:36+02:00;;;;
;;OUI;;36;0;;;OUI;OUI;2026-09-23T10:50:07+02:00;;;;
;;OUI;;29;13;;;OUI;OUI;2026-09-23T10:51:56+02:00;;;;
;;OUI;;43;1;;;OUI;OUI;2026-09-23T10:45:35+02:00;;;;
;;OUI;;25;4;;;OUI;OUI;2026-09-23T10:49:00+02:00;;;;
;;OUI;;0;16;;;OUI;OUI;2026-09-23T10:51:04+02:00;;;;
;;OUI;;3;18;;;OUI;OUI;2026-09-23T10:51:16+02:00;;;;
;;OUI;;29;0;;;OUI;OUI;2026-09-23T10:49:41+02:00;;;;
;;OUI;;1;29;;;OUI;OUI;2026-09-23T10:52:41+02:00;;;;
;;OUI;;17;13;;;OUI;OUI;2026-09-23T10:50:35+02:00;;;;
;;OUI;;13;13;;;OUI;OUI;2026-09-23T10:50:04+02:00;;;;
;;OUI;;17;22;;;OUI;OUI;2026-09-23T10:52:15+02:00;;;;
;;OUI;;15;1;;;OUI;OUI;2026-09-23T10:51:13+02:00;;;;
;;OUI;;25;1;;;OUI;OUI;2026-09-23T10:52:05+02:00;;;;
;;OUI;;20;3;;;OUI;OUI;2026-09-23T10:47:15+02:00;;;;
;;OUI;;19;1;;;OUI;OUI;2026-09-23T10:51:29+02:00;;;;
;;OUI;;4;19;;;OUI;OUI;2026-09-23T10:49:21+02:00;;;;
;;OUI;;10;2;;;OUI;OUI;2026-09-23T10:52:43+02:00;;;;
;;OUI;;6;14;;;OUI;OUI;2026-09-23T10:47:09+02:00;;;;
;;OUI;;41;8;;;OUI;OUI;2026-09-23T10:51:21+02:00;;;;
;;OUI;;13;3;;;OUI;OUI;2026-09-23T10:51:50+02:00;;;;
;;OUI;;24;0;;;OUI;OUI;2026-09-23T10:46:49+02:00;;;;
;;OUI;;24;0;;;OUI;OUI;2026-09-23T10:47:21+02:00;;;;
;;OUI;;25;4;;;OUI;OUI;2026-09-23T10:45:40+02:00;;;;
;;OUI;;16;11;;;OUI;OUI;2026-09-23T10:52:33+02:00;;;;
;;OUI;;15;19;;;OUI;OUI;2026-09-23T10:52:34+02:00;;;;
;;OUI;;17;0;;;NON;NON;2026-09-23T10:45:25+02:00;;;;
;;OUI;;15;1;;;OUI;OUI;2026-09-23T10:51:51+02:00;;;;
;;OUI;;15;1;;;OUI;OUI;2026-09-23T10:51:06+02:00;;;;
;;OUI;;13;2;;;OUI;OUI;2026-09-23T10:52:29+02:00;;;;
;;OUI;;16;8;;;OUI;OUI;2026-09-23T10:47:42+02:00;;;;
;;OUI;;2;19;;;OUI;OUI;2026-09-23T10:48:37+02:00;;;;
;;OUI;;45;2;;;OUI;OUI;2026-09-23T10:48:21+02:00;;;;
;;OUI;;31;8;;;OUI;OUI;2026-09-23T10:48:53+02:00;;;;
;;OUI;;5;18;;;OUI;OUI;2026-09-23T10:52:35+02:00;;;;
;;OUI;;0;47;;;OUI;OUI;2026-09-23T10:52:45+02:00;;;;
;;OUI;;48;1;;;NON;NON;2026-09-23T10:47:02+02:00;;;;
;;OUI;;4;8;;;OUI;OUI;2026-09-23T10:52:21+02:00;;;;
;;OUI;;12;25;;;OUI;OUI;2026-09-23T10:52:31+02:00;;;;
;;OUI;;27;7;;;OUI;OUI;2026-09-23T10:50:26+02:00;;;;
;;OUI;;16;1;;;OUI;OUI;2026-09-23T10:51:56+02:00;;;;
;;OUI;;55;0;;;OUI;OUI;2026-09-23T10:52:13+02:00;;;;
;;OUI;;0;15;;;OUI;OUI;2026-09-23T10:51:05+02:00;;;;
;;OUI;;35;1;;;OUI;OUI;2026-09-23T10:47:20+02:00;;;;
;;OUI;;32;1;;;OUI;OUI;2026-09-23T10:50:22+02:00;;;;
;;OUI;;40;0;;;OUI;OUI;2026-09-23T10:45:33+02:00;;;;
;;OUI;;28;29;;;OUI;OUI;2026-09-23T10:52:05+02:00;;;;
;;OUI;;13;10;;;OUI;OUI;2026-09-23T10:51:58+02:00;;;;
;;OUI;;20;2;;;OUI;OUI;2026-09-23T10:51:45+02:00;;;;
;;OUI;;17;14;;;OUI;OUI;2026-09-23T10:52:15+02:00;;;;
;;OUI;;27;1;;;OUI;OUI;2026-09-23T10:44:42+02:00;;;;
;;OUI;;58;7;;;OUI;OUI;2026-09-23T10:51:14+02:00;;;;
;;OUI;;11;7;;;OUI;OUI;2026-09-23T10:51:41+02:00;;;;
;;OUI;;18;3;;;OUI;OUI;2026-09-23T10:46:34+02:00;;;;
;;OUI;;38;0;;;NON;NON;2026-09-23T10:47:52+02:00;;;;
;;OUI;;19;0;;;OUI;OUI;2026-09-23T10:48:53+02:00;;;;
;;OUI;;15;17;;;OUI;OUI;2026-09-23T10:52:41+02:00;;;;
;;OUI;;0;18;;;OUI;OUI;2026-09-23T10:52:37+02:00;;;;
;;OUI;;2;22;;;OUI;OUI;2026-09-23T10:52:38+02:00;;;;
;;OUI;;9;18;;;OUI;OUI;2026-09-23T10:52:33+02:00;;;;
;;OUI;;28;1;;;OUI;OUI;2026-09-23T10:44:36+02:00;;;;
;;OUI;;19;1;;;OUI;OUI;2026-09-23T10:50:35+02:00;;;;
;;OUI;;8;12;;;OUI;OUI;2026-09-23T10:52:10+02:00;;;;
;;OUI;;0;25;;;OUI;OUI;2026-09-23T10:52:10+02:00;;;;
;;OUI;;57;3;;;OUI;OUI;2026-09-23T10:49:57+02:00;;;;
;;OUI;;12;11;;;OUI;OUI;2026-09-23T10:49:58+02:00;;;;
;;OUI;;18;1;;;OUI;OUI;2026-09-23T10:46:21+02:00;;;;
;;NON;;0;0;;;NON;NON;2026-06-09T09:40:47+02:00;;;;
;;OUI;;5;19;;;OUI;OUI;2026-09-23T10:50:58+02:00;;;;
;;OUI;;6;18;;;OUI;OUI;2026-09-23T10:52:40+02:00;;;;
;;OUI;;27;6;;;OUI;OUI;2026-09-23T10:51:12+02:00;;;;
;;OUI;;19;0;;;OUI;OUI;2026-09-23T10:45:55+02:00;;;;
;;OUI;;23;2;;;OUI;OUI;2026-09-23T10:51:02+02:00;;;;
;;OUI;;14;28;;;OUI;OUI;2026-09-23T10:52:38+02:00;;;;
;;OUI;;20;12;;;OUI;OUI;2026-09-23T10:49:15+02:00;;;;
;;OUI;;17;35;;;OUI;OUI;2026-09-23T10:51:25+02:00;;;;
;;OUI;;1;50;;;OUI;OUI;2026-09-23T10:52:23+02:00;;;;
;;OUI;;20;7;;;OUI;OUI;2026-09-23T10:51:20+02:00;;;;
;;OUI;;2;23;;;OUI;OUI;2026-09-23T10:51:48+02:00;;;;
;;OUI;;17;32;;;OUI;OUI;2026-09-23T10:52:43+02:00;;;;
;;OUI;;24;10;;;OUI;OUI;2026-09-23T10:52:09+02:00;;;;
;;OUI;;21;4;;;OUI;OUI;2026-09-23T10:46:43+02:00;;;;
;;OUI;;37;1;;;OUI;OUI;2026-09-23T10:49:52+02:00;;;;
;;OUI;;17;2;;;OUI;OUI;2026-09-23T10:46:22+02:00;;;;
;;OUI;;50;2;;;OUI;OUI;2026-09-23T10:51:49+02:00;;;;
;;OUI;;22;10;;;OUI;OUI;2026-09-23T10:52:21+02:00;;;;
;;OUI;;28;8;;;OUI;OUI;2026-09-23T10:49:23+02:00;;;;
;;OUI;;16;20;;;OUI;OUI;2026-09-23T10:52:28+02:00;;;;
;;OUI;;29;3;;;OUI;OUI;2026-09-23T10:50:34+02:00;;;;
;;OUI;;3;25;;;OUI;OUI;2026-09-23T10:52:43+02:00;;;;
;;OUI;;3;17;;;OUI;OUI;2026-09-23T10:52:17+02:00;;;;
;;OUI;;9;17;;;OUI;OUI;2026-09-23T10:52:05+02:00;;;;
;;OUI;;1;34;;;OUI;OUI;2026-09-23T10:51:35+02:00;;;;
;;OUI;;5;28;;;OUI;OUI;2026-09-23T10:49:28+02:00;;;;
;;OUI;;30;0;;;OUI;OUI;2026-09-23T10:46:55+02:00;;;;
;;OUI;;11;15;;;OUI;OUI;2026-09-23T10:50:47+02:00;;;;
;;OUI;;20;0;;;OUI;OUI;2026-09-23T10:47:18+02:00;;;;
;;OUI;;24;1;;;OUI;OUI;2026-09-23T10:51:42+02:00;;;;
;;OUI;;20;4;;;OUI;OUI;2026-09-23T10:52:29+02:00;;;;
;;OUI;;21;16;;;OUI;OUI;2026-09-23T10:52:40+02:00;;;;
;;OUI;;32;5;;;OUI;OUI;2026-09-23T10:46:27+02:00;;;;
;;OUI;;12;30;;;OUI;OUI;2026-09-23T10:51:15+02:00;;;;
;;OUI;;8;25;;;OUI;OUI;2026-09-23T10:52:47+02:00;;;;
;;OUI;;29;4;;;OUI;OUI;2026-09-23T10:44:25+02:00;;;;
;;OUI;;5;32;;;OUI;OUI;2026-09-23T10:52:48+02:00;;;;
;;OUI;;16;8;;;OUI;OUI;2026-09-23T10:48:35+02:00;;;;
;;OUI;;10;18;;;OUI;OUI;2026-09-23T10:51:33+02:00;;;;
;;OUI;;25;3;;;OUI;OUI;2026-09-23T10:52:23+02:00;;;;
;;OUI;;42;3;;;OUI;OUI;2026-09-23T10:52:39+02:00;;;;
;;OUI;;7;10;;;OUI;OUI;2026-09-23T10:52:23+02:00;;;;
;;OUI;;23;0;;;OUI;OUI;2026-09-23T10:45:52+02:00;;;;
;;OUI;;34;9;;;OUI;OUI;2026-09-23T10:51:42+02:00;;;;
;;OUI;;21;2;;;OUI;OUI;2026-09-23T10:50:07+02:00;;;;
;;OUI;;12;3;;;OUI;OUI;2026-09-23T10:51:46+02:00;;;;
;;OUI;;0;26;;;OUI;OUI;2026-09-23T10:52:46+02:00;;;;
;;OUI;;5;24;;;OUI;OUI;2026-09-23T10:47:18+02:00;;;;
;;OUI;;15;2;;;OUI;OUI;2026-09-23T10:52:41+02:00;;;;
;;OUI;;18;2;;;OUI;OUI;2026-09-23T10:51:23+02:00;;;;
;;OUI;;4;21;;;OUI;OUI;2026-09-23T10:50:54+02:00;;;;
;;OUI;;26;14;;;OUI;OUI;2026-09-23T10:50:50+02:00;;;;
;;OUI;;17;5;;;OUI;OUI;2026-09-23T10:52:20+02:00;;;;
;;OUI;;20;3;;;OUI;OUI;2026-09-23T10:45:45+02:00;;;;
;;OUI;;32;1;;;OUI;OUI;2026-09-23T10:47:36+02:00;;;;
;;OUI;;59;19;;;OUI;OUI;2026-09-23T10:51:42+02:00;;;;
;;OUI;;8;20;;;OUI;OUI;2026-09-23T10:52:18+02:00;;;;
;;OUI;;2;44;;;OUI;OUI;2026-09-23T10:51:56+02:00;;;;
;;OUI;;40;9;;;OUI;OUI;2026-09-23T10:49:24+02:00;;;;
;;OUI;;15;17;;;OUI;OUI;2026-09-23T10:47:06+02:00;;;;
;;OUI;;4;34;;;OUI;OUI;2026-09-23T10:52:31+02:00;;;;
;;OUI;;38;4;;;OUI;OUI;2026-09-23T10:48:08+02:00;;;;
;;OUI;;16;3;;;OUI;OUI;2026-09-23T10:50:09+02:00;;;;
;;OUI;;4;30;;;OUI;OUI;2026-09-23T10:52:44+02:00;;;;
;;OUI;;40;6;;;OUI;OUI;2026-09-23T10:50:10+02:00;;;;
;;OUI;;17;13;;;OUI;OUI;2026-09-23T10:50:00+02:00;;;;
;;OUI;;23;1;;;OUI;OUI;2026-09-23T10:42:51+02:00;;;;
;;OUI;;19;3;;;OUI;OUI;2026-09-23T10:46:30+02:00;;;;
;;OUI;;22;5;;;OUI;OUI;2026-09-23T10:50:31+02:00;;;;
;;OUI;;39;2;;;OUI;OUI;2026-09-23T10:52:36+02:00;;;;
;;OUI;;9;28;;;OUI;OUI;2026-09-23T10:51:27+02:00;;;;
;;OUI;;17;32;;;OUI;OUI;2026-09-23T10:49:32+02:00;;;;
;;OUI;;12;6;;;OUI;OUI;2026-09-23T10:47:05+02:00;;;;
;;OUI;;6;19;;;OUI;OUI;2026-09-23T10:52:25+02:00;;;;
;;OUI;;0;42;;;OUI;OUI;2026-09-23T10:51:54+02:00;;;;
;;OUI;;39;2;;;OUI;OUI;2026-09-23T10:50:26+02:00;;;;
;;OUI;;26;0;;;OUI;OUI;2026-09-23T10:44:43+02:00;;;;
;;OUI;;35;7;;;OUI;OUI;2026-09-23T10:52:40+02:00;;;;
;;OUI;;13;11;;;OUI;OUI;2026-09-23T10:49:54+02:00;;;;
;;OUI;;13;8;;;OUI;OUI;2026-09-23T10:51:32+02:00;;;;
;;NON;;0;0;;;NON;NON;2026-07-20T09:18:53+02:00;;;;
;;OUI;;19;6;;;OUI;OUI;2026-09-23T10:51:18+02:00;;;;
;;OUI;;24;4;;;OUI;OUI;2026-09-23T10:50:50+02:00;;;;
;;OUI;;1;34;;;OUI;OUI;2026-09-23T10:52:06+02:00;;;;
;;OUI;;14;8;;;OUI;OUI;2026-09-23T10:50:34+02:00;;;;
;;OUI;;47;4;;;OUI;OUI;2026-09-23T10:44:41+02:00;;;;
;;OUI;;16;2;;;OUI;OUI;2026-09-23T10:50:42+02:00;;;;
;;OUI;;18;2;;;OUI;OUI;2026-09-23T10:50:40+02:00;;;;
;;OUI;;14;13;;;OUI;OUI;2026-09-23T10:52:44+02:00;;;;
;;OUI;;8;63;;;OUI;OUI;2026-09-23T10:50:09+02:00;;;;
;;OUI;;41;5;;;OUI;OUI;2026-09-23T10:51:34+02:00;;;;
;;OUI;;17;1;;;OUI;OUI;2026-09-23T10:45:29+02:00;;;;
;;OUI;;0;18;;;OUI;OUI;2026-09-23T10:49:44+02:00;;;;
;;OUI;;14;35;;;OUI;OUI;2026-09-23T10:52:47+02:00;;;;
;;OUI;;19;31;;;OUI;OUI;2026-09-23T10:52:47+02:00;;;;
;;OUI;;2;27;;;OUI;OUI;2026-09-23T10:52:45+02:00;;;;
;;OUI;;2;40;;;OUI;OUI;2026-09-23T10:50:19+02:00;;;;
;;OUI;;6;17;;;OUI;OUI;2026-09-23T10:52:39+02:00;;;;
;;OUI;;45;2;;;OUI;OUI;2026-09-23T10:52:32+02:00;;;;
;;OUI;;25;1;;;OUI;OUI;2026-09-23T10:47:25+02:00;;;;
;;OUI;;3;47;;;OUI;OUI;2026-09-23T10:52:20+02:00;;;;
;;OUI;;39;6;;;OUI;OUI;2026-09-23T10:51:57+02:00;;;;
;;OUI;;32;0;;;OUI;OUI;2026-09-23T10:48:31+02:00;;;;
;;OUI;;49;6;;;OUI;OUI;2026-09-23T10:52:30+02:00;;;;
;;OUI;;35;1;;;OUI;OUI;2026-09-23T10:50:18+02:00;;;;
;;OUI;;4;48;;;OUI;OUI;2026-09-23T10:52:48+02:00;;;;
;;OUI;;1;27;;;OUI;OUI;2026-09-23T10:51:35+02:00;;;;
;;OUI;;1;24;;;OUI;OUI;2026-09-23T10:52:25+02:00;;;;
;;OUI;;19;0;;;OUI;OUI;2026-09-23T10:52:36+02:00;;;;
;;OUI;;27;16;;;OUI;OUI;2026-09-23T10:49:59+02:00;;;;
;;OUI;;44;7;;;OUI;OUI;2026-09-23T10:50:38+02:00;;;;
;;OUI;;21;17;;;OUI;OUI;2026-09-23T10:52:19+02:00;;;;
;;OUI;;39;1;;;OUI;OUI;2026-09-23T10:50:47+02:00;;;;
;;OUI;;27;1;;;OUI;OUI;2026-09-23T10:49:21+02:00;;;;
;;OUI;;15;3;;;OUI;OUI;2026-09-23T10:50:58+02:00;;;;
;;OUI;;5;20;;;OUI;OUI;2026-09-23T10:52:44+02:00;;;;
;;OUI;;12;3;;;OUI;OUI;2026-09-23T10:52:39+02:00;;;;
;;OUI;;45;4;;;OUI;OUI;2026-09-23T10:45:46+02:00;;;;
;;OUI;;19;16;;;OUI;OUI;2026-09-23T10:52:19+02:00;;;;
;;OUI;;6;19;;;OUI;OUI;2026-09-23T10:51:32+02:00;;;;
;;OUI;;20;0;;;OUI;OUI;2026-09-23T10:50:18+02:00;;;;
;;OUI;;39;0;;;OUI;OUI;2026-09-23T10:45:40+02:00;;;;
;;OUI;;13;16;;;OUI;OUI;2026-09-23T10:51:54+02:00;;;;
;;OUI;;19;1;;;OUI;OUI;2026-09-23T10:50:49+02:00;;;;
;;OUI;;8;10;;;OUI;OUI;2026-09-23T10:50:11+02:00;;;;
;;OUI;;2;51;;;OUI;OUI;2026-09-23T10:52:18+02:00;;;;
;;OUI;;25;16;;;OUI;OUI;2026-09-23T10:46:33+02:00;;;;
;;OUI;;39;12;;;OUI;OUI;2026-09-23T10:52:26+02:00;;;;
;;OUI;;3;7;;;OUI;OUI;2026-09-23T10:50:21+02:00;;;;
;;OUI;;24;0;;;OUI;OUI;2026-09-23T10:50:53+02:00;;;;
;;OUI;;4;15;;;OUI;OUI;2026-09-23T10:50:33+02:00;;;;
;;OUI;;15;38;;;OUI;OUI;2026-09-23T10:52:32+02:00;;;;
;;OUI;;8;14;;;OUI;OUI;2026-09-23T10:52:04+02:00;;;;
;;OUI;;32;4;;;OUI;OUI;2026-09-23T10:52:23+02:00;;;;
;;OUI;;0;15;;;OUI;OUI;2026-09-23T10:50:43+02:00;;;;
;;OUI;;41;4;;;OUI;OUI;2026-09-23T10:45:06+02:00;;;;
;;OUI;;20;5;;;OUI;OUI;2026-09-23T10:46:22+02:00;;;;
;;OUI;;11;5;;;OUI;OUI;2026-09-23T10:48:58+02:00;;;;
;;OUI;;14;3;;;OUI;OUI;2026-09-23T10:52:05+02:00;;;;
;;OUI;;10;16;;;OUI;OUI;2026-09-23T10:52:32+02:00;;;;
;;OUI;;14;3;;;OUI;OUI;2026-09-23T10:50:30+02:00;;;;
;;OUI;;38;1;;;OUI;OUI;2026-09-23T10:45:55+02:00;;;;
;;OUI;;51;11;;;OUI;OUI;2026-09-23T10:50:34+02:00;;;;
;;OUI;;21;1;;;OUI;OUI;2026-09-23T10:46:53+02:00;;;;
;;OUI;;26;2;;;OUI;OUI;2026-09-23T10:46:06+02:00;;;;
;;OUI;;3;13;;;OUI;OUI;2026-09-23T10:52:44+02:00;;;;
;;OUI;;30;7;;;OUI;OUI;2026-09-23T10:49:58+02:00;;;;
;;OUI;;40;3;;;OUI;OUI;2026-09-23T10:52:06+02:00;;;;
;;OUI;;2;42;;;OUI;OUI;2026-09-23T10:51:33+02:00;;;;
;;OUI;;23;0;;;NON;NON;2026-09-23T10:45:07+02:00;;;;
;;OUI;;38;7;;;OUI;OUI;2026-09-23T10:49:19+02:00;;;;
;;OUI;;5;16;;;OUI;OUI;2026-09-23T10:51:04+02:00;;;;
;;OUI;;1;17;;;OUI;OUI;2026-09-23T10:49:31+02:00;;;;
;;OUI;;16;11;;;OUI;OUI;2026-09-23T10:50:04+02:00;;;;
;;OUI;;31;19;;;OUI;OUI;2026-09-23T10:52:36+02:00;;;;
;;OUI;;26;1;;;OUI;OUI;2026-09-23T10:51:23+02:00;;;;
;;OUI;;31;0;;;OUI;OUI;2026-09-23T10:49:02+02:00;;;;
;;OUI;;20;2;;;OUI;OUI;2026-09-23T10:51:08+02:00;;;;
;;OUI;;24;2;;;OUI;OUI;2026-09-23T10:50:51+02:00;;;;
;;OUI;;10;11;;;OUI;OUI;2026-09-23T10:48:57+02:00;;;;
;;OUI;;3;19;;;OUI;OUI;2026-09-23T10:51:42+02:00;;;;
;;OUI;;4;26;;;OUI;OUI;2026-09-23T10:52:02+02:00;;;;
;;OUI;;26;0;;;OUI;OUI;2026-09-23T10:46:51+02:00;;;;
;;OUI;;19;5;;;OUI;OUI;2026-09-23T10:45:28+02:00;;;;
;;OUI;;18;7;;;OUI;OUI;2026-09-23T10:51:55+02:00;;;;
;;OUI;;16;0;;;OUI;OUI;2026-09-23T10:50:39+02:00;;;;
;;OUI;;38;12;;;OUI;OUI;2026-09-23T10:46:03+02:00;;;;
;;OUI;;6;50;;;OUI;OUI;2026-09-23T10:52:31+02:00;;;;
;;OUI;;14;22;;;OUI;OUI;2026-09-23T10:51:36+02:00;;;;
;;OUI;;4;38;;;OUI;OUI;2026-09-23T10:51:10+02:00;;;;
;;OUI;;21;0;;;OUI;OUI;2026-09-23T10:48:53+02:00;;;;
;;OUI;;28;2;;;OUI;OUI;2026-09-23T10:51:37+02:00;;;;
;;OUI;;43;1;;;OUI;OUI;2026-09-23T10:48:51+02:00;;;;
;;OUI;;26;1;;;OUI;OUI;2026-09-23T10:51:58+02:00;;;;
;;OUI;;30;0;;;OUI;OUI;2026-09-23T10:51:59+02:00;;;;
;;OUI;;23;10;;;OUI;OUI;2026-09-23T10:51:38+02:00;;;;
;;OUI;;43;5;;;OUI;OUI;2026-09-23T10:45:29+02:00;;;;
;;OUI;;28;5;;;OUI;OUI;2026-09-23T10:49:21+02:00;;;;
;;OUI;;25;7;;;OUI;OUI;2026-09-23T10:44:06+02:00;;;;
;;OUI;;31;0;;;OUI;OUI;2026-09-23T10:44:22+02:00;;;;
;;OUI;;20;6;;;OUI;OUI;2026-09-23T10:52:47+02:00;;;;
;;OUI;;1;19;;;OUI;OUI;2026-09-23T10:51:27+02:00;;;;
;;OUI;;21;2;;;OUI;OUI;2026-09-23T10:48:02+02:00;;;;
;;OUI;;27;3;;;OUI;OUI;2026-09-23T10:48:47+02:00;;;;
;;OUI;;25;3;;;OUI;OUI;2026-09-23T10:51:08+02:00;;;;
;;OUI;;0;25;;;OUI;OUI;2026-09-23T10:49:55+02:00;;;;
;;OUI;;38;7;;;OUI;OUI;2026-09-23T10:51:25+02:00;;;;
;;OUI;;17;7;;;OUI;OUI;2026-09-23T10:52:37+02:00;;;;
;;OUI;;17;17;;;OUI;OUI;2026-09-23T10:52:34+02:00;;;;
;;OUI;;28;3;;;OUI;OUI;2026-09-23T10:52:24+02:00;;;;
;;OUI;;22;3;;;OUI;OUI;2026-09-23T10:46:06+02:00;;;;
;;OUI;;9;6;;;OUI;OUI;2026-09-23T10:49:52+02:00;;;;
;;OUI;;56;1;;;NON;NON;2026-09-23T10:49:06+02:00;;;;
;;OUI;;19;23;;;OUI;OUI;2026-09-23T10:52:20+02:00;;;;
;;OUI;;25;1;;;OUI;OUI;2026-09-23T10:47:03+02:00;;;;
;;OUI;;27;0;;;OUI;OUI;2026-09-23T10:49:41+02:00;;;;
;;OUI;;16;14;;;OUI;OUI;2026-09-23T10:52:15+02:00;;;;
;;OUI;;1;23;;;OUI;OUI;2026-09-23T10:51:46+02:00;;;;
;;OUI;;25;5;;;OUI;OUI;2026-09-23T10:51:50+02:00;;;;
;;OUI;;26;3;;;OUI;OUI;2026-09-23T10:48:58+02:00;;;;
;;OUI;;0;36;;;OUI;OUI;2026-09-23T10:50:37+02:00;;;;
;;OUI;;0;30;;;OUI;OUI;2026-09-23T10:51:34+02:00;;;;
;;OUI;;97;3;;;NON;NON;2025-11-13T17:03:03+01:00;;;;
;;OUI;;6;48;;;OUI;OUI;2026-09-23T10:52:38+02:00;;;;
;;OUI;;51;0;;;OUI;OUI;2026-09-23T10:43:59+02:00;;;;
;;OUI;;26;6;;;OUI;OUI;2026-09-23T10:51:52+02:00;;;;
;;OUI;;2;24;;;OUI;OUI;2026-09-23T10:52:08+02:00;;;;
;;OUI;;23;23;;;OUI;OUI;2026-09-23T10:46:12+02:00;;;;
;;OUI;;6;12;;;OUI;OUI;2026-09-23T10:52:22+02:00;;;;
;;OUI;;17;29;;;OUI;OUI;2026-09-23T10:51:38+02:00;;;;
;;OUI;;1;22;;;OUI;OUI;2026-09-23T10:51:18+02:00;;;;
;;OUI;;34;1;;;OUI;OUI;2026-09-23T10:46:36+02:00;;;;
;;OUI;;0;30;;;OUI;OUI;2026-09-23T10:52:46+02:00;;;;
;;OUI;;23;19;;;OUI;OUI;2026-09-23T10:47:15+02:00;;;;
;;OUI;;26;3;;;OUI;OUI;2026-09-23T10:48:19+02:00;;;;
;;OUI;;32;0;;;OUI;OUI;2026-09-23T10:49:55+02:00;;;;
;;OUI;;28;6;;;OUI;OUI;2026-09-23T10:51:28+02:00;;;;
;;OUI;;22;37;;;OUI;OUI;2026-09-23T10:51:47+02:00;;;;
;;OUI;;13;2;;;OUI;OUI;2026-09-23T10:48:24+02:00;;;;
;;OUI;;15;28;;;OUI;OUI;2026-09-23T10:51:43+02:00;;;;
;;OUI;;31;0;;;OUI;OUI;2026-09-23T10:52:42+02:00;;;;
;;OUI;;33;5;;;OUI;OUI;2026-09-23T10:49:43+02:00;;;;
;;OUI;;7;12;;;OUI;OUI;2026-09-23T10:51:30+02:00;;;;
;;OUI;;27;38;;;OUI;OUI;2026-09-23T10:52:27+02:00;;;;
;;OUI;;33;6;;;OUI;OUI;2026-09-23T10:50:50+02:00;;;;
;;OUI;;30;29;;;OUI;OUI;2026-09-23T10:52:42+02:00;;;;
;;OUI;;22;7;;;OUI;OUI;2026-09-23T10:51:46+02:00;;;;
;;OUI;;30;18;;;OUI;OUI;2026-09-23T10:46:55+02:00;;;;
;;OUI;;8;11;;;OUI;OUI;2026-09-23T10:52:22+02:00;;;;
;;OUI;;3;47;;;OUI;OUI;2026-09-23T10:51:23+02:00;;;;
;;OUI;;13;25;;;OUI;OUI;2026-09-23T10:51:48+02:00;;;;
;;OUI;;11;3;;;OUI;OUI;2026-09-23T10:46:31+02:00;;;;
;;OUI;;33;4;;;OUI;OUI;2026-09-23T10:50:27+02:00;;;;
;;OUI;;4;11;;;OUI;OUI;2026-09-23T10:52:44+02:00;;;;
;;OUI;;26;2;;;OUI;OUI;2026-09-23T10:49:40+02:00;;;;
;;OUI;;17;2;;;OUI;OUI;2026-09-23T10:52:15+02:00;;;;
;;OUI;;7;21;;;OUI;OUI;2026-09-23T10:50:59+02:00;;;;
;;OUI;;16;0;;;OUI;OUI;2026-09-23T10:46:42+02:00;;;;
;;OUI;;18;22;;;OUI;OUI;2026-09-23T10:51:13+02:00;;;;
;;OUI;;9;19;;;OUI;OUI;2026-09-23T10:51:14+02:00;;;;
;;OUI;;27;2;;;OUI;OUI;2026-09-23T10:47:42+02:00;;;;
;;OUI;;45;0;;;OUI;OUI;2026-09-23T10:51:40+02:00;;;;
;;OUI;;20;10;;;OUI;OUI;2026-09-23T10:50:03+02:00;;;;
;;OUI;;12;18;;;OUI;OUI;2026-09-23T10:52:10+02:00;;;;
;;OUI;;12;7;;;OUI;OUI;2026-09-23T10:44:36+02:00;;;;
;;OUI;;2;22;;;OUI;OUI;2026-09-23T10:51:26+02:00;;;;
;;OUI;;21;1;;;OUI;OUI;2026-09-23T10:52:47+02:00;;;;
;;OUI;;27;2;;;OUI;OUI;2026-09-23T10:52:48+02:00;;;;
;;OUI;;28;11;;;OUI;OUI;2026-09-23T10:50:26+02:00;;;;
;;OUI;;32;10;;;OUI;OUI;2026-09-23T10:50:54+02:00;;;;
;;OUI;;28;6;;;OUI;OUI;2026-09-23T10:46:33+02:00;;;;
;;OUI;;47;0;;;OUI;OUI;2026-09-23T10:45:09+02:00;;;;
;;OUI;;0;26;;;OUI;OUI;2026-09-23T10:51:50+02:00;;;;
;;OUI;;0;25;;;OUI;OUI;2026-09-23T10:52:27+02:00;;;;
;;OUI;;3;43;;;OUI;OUI;2026-09-23T10:51:34+02:00;;;;
;;OUI;;15;10;;;OUI;OUI;2026-09-23T10:48:34+02:00;;;;
;;OUI;;16;8;;;OUI;OUI;2026-09-23T10:51:40+02:00;;;;
;;OUI;;25;3;;;OUI;OUI;2026-09-23T10:49:56+02:00;;;;
;;OUI;;26;3;;;OUI;OUI;2026-09-23T10:50:15+02:00;;;;
;;OUI;;16;0;;;OUI;OUI;2026-09-23T10:50:31+02:00;;;;
;;OUI;;20;2;;;OUI;OUI;2026-09-23T10:52:07+02:00;;;;
;;OUI;;34;2;;;OUI;OUI;2026-09-23T10:51:02+02:00;;;;
;;OUI;;1;11;;;OUI;OUI;2026-09-23T10:52:13+02:00;;;;
;;OUI;;0;33;;;OUI;OUI;2026-09-23T10:52:20+02:00;;;;
;;OUI;;0;27;;;OUI;OUI;2026-09-23T10:51:29+02:00;;;;
;;OUI;;11;32;;;OUI;OUI;2026-09-23T10:52:46+02:00;;;;
;;OUI;;48;1;;;OUI;OUI;2026-09-23T10:49:41+02:00;;;;
;;OUI;;27;3;;;OUI;OUI;2026-09-23T10:45:34+02:00;;;;
;;OUI;;34;2;;;OUI;OUI;2026-09-23T10:47:25+02:00;;;;
;;OUI;;9;9;;;OUI;OUI;2026-09-23T10:50:23+02:00;;;;
;;OUI;;6;12;;;OUI;OUI;2026-09-23T10:47:08+02:00;;;;
;;OUI;;15;14;;;OUI;OUI;2026-09-23T10:51:42+02:00;;;;
;;OUI;;19;11;;;OUI;OUI;2026-09-23T10:51:26+02:00;;;;
;;OUI;;0;0;;;NON;NON;2026-09-19T20:38:08+02:00;;;;
;;OUI;;4;21;;;OUI;OUI;2026-09-23T10:50:21+02:00;;;;
;;OUI;;25;5;;;OUI;OUI;2026-09-23T10:52:04+02:00;;;;
;;OUI;;32;3;;;OUI;OUI;2026-09-23T10:46:27+02:00;;;;
;;OUI;;7;15;;;OUI;OUI;2026-09-23T10:52:05+02:00;;;;
;;OUI;;0;23;;;OUI;OUI;2026-09-23T10:51:58+02:00;;;;
;;OUI;;14;8;;;OUI;OUI;2026-09-23T10:51:15+02:00;;;;
;;OUI;;43;2;;;OUI;OUI;2026-09-23T10:50:55+02:00;;;;
;;OUI;;12;16;;;OUI;OUI;2026-09-23T10:50:32+02:00;;;;
;;OUI;;1;32;;;OUI;OUI;2026-09-23T10:52:30+02:00;;;;
;;OUI;;22;1;;;OUI;OUI;2026-09-23T10:52:25+02:00;;;;
;;OUI;;9;62;;;OUI;OUI;2026-09-23T10:52:12+02:00;;;;
;;OUI;;25;15;;;OUI;OUI;2026-09-23T10:50:55+02:00;;;;
;;OUI;;9;36;;;OUI;OUI;2026-09-23T10:52:36+02:00;;;;
;;OUI;;6;25;;;OUI;OUI;2026-09-23T10:51:29+02:00;;;;
;;OUI;;19;1;;;OUI;OUI;2026-09-23T10:50:50+02:00;;;;
;;OUI;;41;5;;;OUI;OUI;2026-09-23T10:44:58+02:00;;;;
;;OUI;;7;32;;;OUI;OUI;2026-09-23T10:50:52+02:00;;;;
;;OUI;;9;36;;;OUI;OUI;2026-09-23T10:51:51+02:00;;;;
;;OUI;;43;0;;;OUI;OUI;2026-09-23T10:52:39+02:00;;;;
;;OUI;;28;7;;;OUI;OUI;2026-09-23T10:47:30+02:00;;;;
;;OUI;;7;31;;;OUI;OUI;2026-09-23T10:52:03+02:00;;;;
;;OUI;;24;2;;;OUI;OUI;2026-09-23T10:52:22+02:00;;;;
;;OUI;;34;8;;;OUI;OUI;2026-09-23T10:51:29+02:00;;;;
;;OUI;;36;0;;;OUI;OUI;2026-09-23T10:45:10+02:00;;;;
;;OUI;;31;5;;;OUI;OUI;2026-09-23T10:52:48+02:00;;;;
;;OUI;;18;15;;;OUI;OUI;2026-09-23T10:52:44+02:00;;;;
;;OUI;;1;14;;;OUI;OUI;2026-09-23T10:51:48+02:00;;;;
;;OUI;;22;1;;;OUI;OUI;2026-09-23T10:45:28+02:00;;;;
;;OUI;;46;1;;;OUI;OUI;2026-09-23T10:52:18+02:00;;;;
;;OUI;;23;1;;;OUI;OUI;2026-09-23T10:49:26+02:00;;;;
;;OUI;;19;10;;;OUI;OUI;2026-09-23T10:49:58+02:00;;;;
;;OUI;;17;5;;;OUI;OUI;2026-09-23T10:51:59+02:00;;;;
;;OUI;;17;3;;;OUI;OUI;2026-09-23T10:51:29+02:00;;;;
;;OUI;;10;12;;;OUI;OUI;2026-09-23T10:51:46+02:00;;;;
;;OUI;;18;5;;;OUI;OUI;2026-09-23T10:50:58+02:00;;;;
;;OUI;;11;8;;;OUI;OUI;2026-09-23T10:50:43+02:00;;;;
;;OUI;;25;1;;;OUI;OUI;2026-09-23T10:49:28+02:00;;;;
;;OUI;;29;0;;;OUI;OUI;2026-09-23T10:51:50+02:00;;;;
;;OUI;;11;0;;;OUI;OUI;2026-09-23T10:52:40+02:00;;;;
;;OUI;;17;4;;;OUI;OUI;2026-09-23T10:52:07+02:00;;;;
;;OUI;;22;22;;;OUI;OUI;2026-09-23T10:50:21+02:00;;;;
;;OUI;;48;10;;;OUI;OUI;2026-09-23T10:52:39+02:00;;;;
;;OUI;;29;13;;;OUI;OUI;2026-09-23T10:52:23+02:00;;;;
;;OUI;;24;16;;;OUI;OUI;2026-09-23T10:50:27+02:00;;;;
;;OUI;;24;3;;;OUI;OUI;2026-09-23T10:46:32+02:00;;;;
;;OUI;;47;0;;;OUI;OUI;2026-09-23T10:50:05+02:00;;;;
;;OUI;;13;2;;;OUI;OUI;2026-09-23T10:51:35+02:00;;;;
;;OUI;;26;6;;;OUI;OUI;2026-09-23T10:51:12+02:00;;;;
;;OUI;;24;1;;;OUI;OUI;2026-09-23T10:48:08+02:00;;;;
;;OUI;;25;5;;;OUI;OUI;2026-09-23T10:52:47+02:00;;;;
;;OUI;;1;27;;;OUI;OUI;2026-09-23T10:48:53+02:00;;;;
;;OUI;;25;2;;;OUI;OUI;2026-09-23T10:46:10+02:00;;;;
;;OUI;;34;3;;;OUI;OUI;2026-09-23T10:52:03+02:00;;;;
;;OUI;;20;12;;;OUI;OUI;2026-09-23T10:48:39+02:00;;;;
;;OUI;;4;16;;;OUI;OUI;2026-09-23T10:52:38+02:00;;;;
;;OUI;;32;5;;;OUI;OUI;2026-09-23T10:51:49+02:00;;;;
;;OUI;;8;36;;;OUI;OUI;2026-09-23T10:51:08+02:00;;;;
;;OUI;;10;8;;;OUI;OUI;2026-09-23T10:51:13+02:00;;;;
;;OUI;;14;11;;;OUI;OUI;2026-09-23T10:50:53+02:00;;;;
;;OUI;;16;4;;;OUI;OUI;2026-09-23T10:47:00+02:00;;;;
;;OUI;;17;2;;;OUI;OUI;2026-09-23T10:44:57+02:00;;;;
;;OUI;;36;3;;;OUI;OUI;2026-09-23T10:48:51+02:00;;;;
;;OUI;;18;8;;;OUI;OUI;2026-09-23T10:48:56+02:00;;;;
;;OUI;;36;0;;;OUI;OUI;2026-09-23T10:49:50+02:00;;;;
;;OUI;;16;20;;;OUI;OUI;2026-09-23T10:52:22+02:00;;;;
;;OUI;;19;3;;;OUI;OUI;2026-09-23T10:48:54+02:00;;;;
;;OUI;;6;14;;;OUI;OUI;2026-09-23T10:51:56+02:00;;;;
;;OUI;;48;12;;;OUI;OUI;2026-09-23T10:51:40+02:00;;;;
;;OUI;;0;34;;;OUI;OUI;2026-09-23T10:52:29+02:00;;;;
;;OUI;;39;10;;;OUI;OUI;2026-09-23T10:50:51+02:00;;;;
;;OUI;;22;2;;;OUI;OUI;2026-09-23T10:48:19+02:00;;;;
;;OUI;;17;1;;;OUI;OUI;2026-09-23T10:43:44+02:00;;;;
;;OUI;;32;10;;;OUI;OUI;2026-09-23T10:44:31+02:00;;;;
;;OUI;;43;2;;;OUI;OUI;2026-09-23T10:51:11+02:00;;;;
;;OUI;;12;30;;;OUI;OUI;2026-09-23T10:48:46+02:00;;;;
;;OUI;;20;0;;;OUI;OUI;2026-09-23T10:50:29+02:00;;;;
;;OUI;;1;21;;;OUI;OUI;2026-09-23T10:46:59+02:00;;;;
;;OUI;;14;11;;;OUI;OUI;2026-09-23T10:52:23+02:00;;;;
;;OUI;;21;8;;;OUI;OUI;2026-09-23T10:46:48+02:00;;;;
;;OUI;;3;27;;;OUI;OUI;2026-09-23T10:52:06+02:00;;;;
;;OUI;;20;2;;;OUI;OUI;2026-09-23T10:48:45+02:00;;;;
;;OUI;;27;4;;;OUI;OUI;2026-09-23T10:49:32+02:00;;;;
;;OUI;;26;10;;;OUI;OUI;2026-09-23T10:49:02+02:00;;;;
;;OUI;;22;3;;;OUI;OUI;2026-09-23T10:46:33+02:00;;;;
;;OUI;;11;5;;;OUI;OUI;2026-09-23T10:52:36+02:00;;;;
;;OUI;;7;32;;;OUI;OUI;2026-09-23T10:52:12+02:00;;;;
;;OUI;;12;0;;;OUI;OUI;2026-09-23T10:44:14+02:00;;;;
;;OUI;;9;16;;;OUI;OUI;2026-09-23T10:49:56+02:00;;;;
;;OUI;;31;1;;;OUI;OUI;2026-09-23T10:52:26+02:00;;;;
;;OUI;;13;14;;;OUI;OUI;2026-09-23T10:51:51+02:00;;;;
;;OUI;;20;1;;;OUI;OUI;2026-09-23T10:52:29+02:00;;;;
;;OUI;;29;0;;;OUI;OUI;2026-09-23T10:47:51+02:00;;;;
;;OUI;;21;2;;;OUI;OUI;2026-09-23T10:47:29+02:00;;;;
;;OUI;;15;22;;;OUI;OUI;2026-09-23T10:51:38+02:00;;;;
;;OUI;;5;12;;;OUI;OUI;2026-09-23T10:49:10+02:00;;;;
;;OUI;;19;2;;;OUI;OUI;2026-09-23T10:48:20+02:00;;;;
;;OUI;;23;3;;;OUI;OUI;2026-09-23T10:48:23+02:00;;;;
;;OUI;;18;7;;;OUI;OUI;2026-09-23T10:49:47+02:00;;;;
;;OUI;;23;0;;;OUI;OUI;2026-09-23T10:44:16+02:00;;;;
;;OUI;;45;13;;;OUI;OUI;2026-09-23T10:51:32+02:00;;;;
;;OUI;;27;9;;;OUI;OUI;2026-09-23T10:52:25+02:00;;;;
;;OUI;;24;7;;;OUI;OUI;2026-09-23T10:50:20+02:00;;;;
;;OUI;;21;1;;;OUI;OUI;2026-09-23T10:51:36+02:00;;;;
;;OUI;;19;1;;;OUI;OUI;2026-09-23T10:50:36+02:00;;;;
;;OUI;;17;4;;;OUI;OUI;2026-09-23T10:50:48+02:00;;;;
;;OUI;;19;2;;;OUI;OUI;2026-09-23T10:49:10+02:00;;;;
;;OUI;;17;3;;;OUI;OUI;2026-09-23T10:51:21+02:00;;;;
;;OUI;;15;6;;;OUI;OUI;2026-09-23T10:50:37+02:00;;;;
;;OUI;;10;13;;;OUI;OUI;2026-09-23T10:52:38+02:00;;;;
;;OUI;;18;0;;;OUI;OUI;2026-09-23T10:44:20+02:00;;;;
;;OUI;;41;10;;;OUI;OUI;2026-09-23T10:50:58+02:00;;;;
;;OUI;;9;7;;;OUI;OUI;2026-09-23T10:50:38+02:00;;;;
;;OUI;;20;2;;;OUI;OUI;2026-09-23T10:44:58+02:00;;;;
;;OUI;;1;32;;;OUI;OUI;2026-09-23T10:50:57+02:00;;;;
;;OUI;;2;28;;;OUI;OUI;2026-09-23T10:52:26+02:00;;;;
;;OUI;;2;22;;;OUI;OUI;2026-09-23T10:50:36+02:00;;;;
;;OUI;;21;3;;;OUI;OUI;2026-09-23T10:49:33+02:00;;;;
;;OUI;;26;5;;;OUI;OUI;2026-09-23T10:52:48+02:00;;;;
;;OUI;;26;7;;;OUI;OUI;2026-09-23T10:49:48+02:00;;;;
;;OUI;;22;2;;;OUI;OUI;2026-09-23T10:47:57+02:00;;;;
;;OUI;;40;5;;;OUI;OUI;2026-09-23T10:52:31+02:00;;;;
;;OUI;;3;16;;;OUI;OUI;2026-09-23T10:49:47+02:00;;;;
;;OUI;;27;3;;;OUI;OUI;2026-09-23T10:52:07+02:00;;;;
;;OUI;;27;1;;;OUI;OUI;2026-09-23T10:49:11+02:00;;;;
;;OUI;;16;17;;;OUI;OUI;2026-09-23T10:52:42+02:00;;;;
;;OUI;;3;11;;;OUI;OUI;2026-09-23T10:51:58+02:00;;;;
;;OUI;;23;10;;;OUI;OUI;2026-09-23T10:51:53+02:00;;;;
;;OUI;;22;6;;;OUI;OUI;2026-09-23T10:52:26+02:00;;;;
;;OUI;;0;27;;;OUI;OUI;2026-09-23T10:52:16+02:00;;;;
;;OUI;;18;1;;;OUI;OUI;2026-09-23T10:46:47+02:00;;;;
;;OUI;;2;16;;;OUI;OUI;2026-09-23T10:50:52+02:00;;;;
;;OUI;;37;14;;;OUI;OUI;2026-09-23T10:51:37+02:00;;;;
;;OUI;;5;17;;;OUI;OUI;2026-09-23T10:52:49+02:00;;;;
;;OUI;;11;15;;;OUI;OUI;2026-09-23T10:50:44+02:00;;;;
;;OUI;;20;16;;;OUI;OUI;2026-09-23T10:49:37+02:00;;;;
;;OUI;;16;17;;;OUI;OUI;2026-09-23T10:52:24+02:00;;;;
;;OUI;;7;22;;;OUI;OUI;2026-09-23T10:52:33+02:00;;;;
;;OUI;;18;5;;;OUI;OUI;2026-09-23T10:45:54+02:00;;;;
;;OUI;;9;11;;;OUI;OUI;2026-09-23T10:50:33+02:00;;;;
;;OUI;;43;6;;;OUI;OUI;2026-09-23T10:48:03+02:00;;;;
;;OUI;;18;11;;;OUI;OUI;2026-09-23T10:50:36+02:00;;;;
;;OUI;;34;8;;;OUI;OUI;2026-09-23T10:51:14+02:00;;;;
;;OUI;;6;10;;;OUI;OUI;2026-09-23T10:49:47+02:00;;;;
;;OUI;;3;75;;;OUI;OUI;2026-09-23T10:52:14+02:00;;;;
;;OUI;;4;18;;;OUI;OUI;2026-09-23T10:51:00+02:00;;;;
;;OUI;;34;7;;;OUI;OUI;2026-09-23T10:52:31+02:00;;;;
;;OUI;;23;2;;;OUI;OUI;2026-09-23T10:51:57+02:00;;;;
;;OUI;;11;6;;;OUI;OUI;2026-09-23T10:51:00+02:00;;;;
;;OUI;;28;3;;;OUI;OUI;2026-09-23T10:49:53+02:00;;;;
;;OUI;;14;15;;;OUI;OUI;2026-09-23T10:52:25+02:00;;;;
;;OUI;;1;33;;;OUI;OUI;2026-09-23T10:51:04+02:00;;;;
;;OUI;;1;16;;;OUI;OUI;2026-09-23T10:52:31+02:00;;;;
;;OUI;;12;15;;;OUI;OUI;2026-09-23T10:48:19+02:00;;;;
;;OUI;;0;11;;;OUI;OUI;2026-09-23T10:51:23+02:00;;;;
;;OUI;;1;29;;;OUI;OUI;2026-09-23T10:52:27+02:00;;;;
;;OUI;;7;22;;;OUI;OUI;2026-09-23T10:51:30+02:00;;;;
;;OUI;;11;8;;;OUI;OUI;2026-09-23T10:49:25+02:00;;;;
;;OUI;;1;17;;;OUI;OUI;2026-09-23T10:51:44+02:00;;;;
;;OUI;;5;16;;;OUI;OUI;2026-09-23T10:51:13+02:00;;;;
;;OUI;;0;26;;;OUI;OUI;2026-09-23T10:51:26+02:00;;;;
;;OUI;;1;29;;;OUI;OUI;2026-09-23T10:52:26+02:00;;;;
;;OUI;;41;0;;;OUI;OUI;2026-09-23T10:49:20+02:00;;;;
;;OUI;;0;26;;;OUI;OUI;2026-09-23T10:52:05+02:00;;;;
;;OUI;;19;6;;;OUI;OUI;2026-09-23T10:50:43+02:00;;;;
;;OUI;;0;20;;;OUI;OUI;2026-09-23T10:48:43+02:00;;;;
;;OUI;;18;4;;;OUI;OUI;2026-09-23T10:50:09+02:00;;;;
;;OUI;;17;5;;;OUI;OUI;2026-09-23T10:52:36+02:00;;;;
;;OUI;;29;1;;;OUI;OUI;2026-09-23T10:44:39+02:00;;;;
;;OUI;;41;4;;;OUI;OUI;2026-09-23T10:44:35+02:00;;;;
;;OUI;;29;1;;;OUI;OUI;2026-09-23T10:49:19+02:00;;;;
;;OUI;;1;29;;;OUI;OUI;2026-09-23T10:52:39+02:00;;;;
;;OUI;;3;23;;;OUI;OUI;2026-09-23T10:52:20+02:00;;;;
;;OUI;;23;12;;;OUI;OUI;2026-09-23T10:49:48+02:00;;;;
;;OUI;;21;9;;;OUI;OUI;2026-09-23T10:48:35+02:00;;;;
;;OUI;;17;8;;;OUI;OUI;2026-09-23T10:52:40+02:00;;;;
;;OUI;;33;1;;;OUI;OUI;2026-09-23T10:51:27+02:00;;;;
;;OUI;;19;27;;;OUI;OUI;2026-09-23T10:49:22+02:00;;;;
;;OUI;;13;11;;;OUI;OUI;2026-09-23T10:51:50+02:00;;;;
;;OUI;;32;4;;;OUI;OUI;2026-09-23T10:50:41+02:00;;;;
;;OUI;;5;31;;;OUI;OUI;2026-09-23T10:52:16+02:00;;;;
;;OUI;;2;32;;;OUI;OUI;2026-09-23T10:51:29+02:00;;;;
;;OUI;;18;6;;;OUI;OUI;2026-09-23T10:52:28+02:00;;;;
;;OUI;;25;2;;;OUI;OUI;2026-09-23T10:47:51+02:00;;;;
;;OUI;;23;8;;;OUI;OUI;2026-09-23T10:47:45+02:00;;;;
;;OUI;;12;14;;;OUI;OUI;2026-09-23T10:52:18+02:00;;;;
;;OUI;;12;11;;;OUI;OUI;2026-09-23T10:45:36+02:00;;;;
;;OUI;;15;7;;;OUI;OUI;2026-09-23T10:48:36+02:00;;;;
;;OUI;;28;2;;;OUI;OUI;2026-09-23T10:45:46+02:00;;;;
;;OUI;;34;0;;;OUI;OUI;2026-09-23T10:49:32+02:00;;;;
;;OUI;;19;17;;;OUI;OUI;2026-09-23T10:52:22+02:00;;;;
;;OUI;;27;1;;;OUI;OUI;2026-09-23T10:50:04+02:00;;;;
;;OUI;;3;12;;;OUI;OUI;2026-09-23T10:52:00+02:00;;;;
;;OUI;;6;30;;;OUI;OUI;2026-09-23T10:52:15+02:00;;;;
;;OUI;;1;21;;;OUI;OUI;2026-09-23T10:52:35+02:00;;;;
;;OUI;;16;1;;;OUI;OUI;2026-09-23T10:51:38+02:00;;;;
;;OUI;;20;7;;;OUI;OUI;2026-09-23T10:50:50+02:00;;;;
;;OUI;;16;11;;;OUI;OUI;2026-09-23T10:49:18+02:00;;;;
;;OUI;;34;6;;;OUI;OUI;2026-09-23T10:50:39+02:00;;;;
;;OUI;;18;9;;;OUI;OUI;2026-09-23T10:49:29+02:00;;;;
;;OUI;;28;4;;;OUI;OUI;2026-09-23T10:51:11+02:00;;;;
;;OUI;;1;44;;;OUI;OUI;2026-09-23T10:51:28+02:00;;;;
;;OUI;;18;17;;;OUI;OUI;2026-09-23T10:47:55+02:00;;;;
;;OUI;;24;0;;;OUI;OUI;2026-09-23T10:49:45+02:00;;;;
;;OUI;;2;24;;;OUI;OUI;2026-09-23T10:52:02+02:00;;;;
;;OUI;;14;13;;;OUI;OUI;2026-09-23T10:51:21+02:00;;;;
;;OUI;;35;0;;;OUI;OUI;2026-09-23T10:49:26+02:00;;;;
;;OUI;;3;32;;;OUI;OUI;2026-09-23T10:52:39+02:00;;;;
;;OUI;;29;22;;;OUI;OUI;2026-09-23T10:52:40+02:00;;;;
;;OUI;;2;18;;;OUI;OUI;2026-09-23T10:52:07+02:00;;;;
;;OUI;;31;1;;;OUI;OUI;2026-09-23T10:51:50+02:00;;;;
;;OUI;;21;2;;;OUI;OUI;2026-09-23T10:51:13+02:00;;;;
;;OUI;;3;26;;;OUI;OUI;2026-09-23T10:48:48+02:00;;;;
;;OUI;;14;13;;;OUI;OUI;2026-09-23T10:49:04+02:00;;;;
;;OUI;;29;3;;;OUI;OUI;2026-09-23T10:51:12+02:00;;;;
;;OUI;;26;3;;;OUI;OUI;2026-09-23T10:47:46+02:00;;;;
;;OUI;;11;5;;;OUI;OUI;2026-09-23T10:47:13+02:00;;;;
;;OUI;;8;9;;;OUI;OUI;2026-09-23T10:51:08+02:00;;;;
;;OUI;;25;8;;;OUI;OUI;2026-09-23T10:49:52+02:00;;;;
;;OUI;;10;34;;;OUI;OUI;2026-09-23T10:51:46+02:00;;;;
;;OUI;;5;14;;;OUI;OUI;2026-09-23T10:50:38+02:00;;;;
;;OUI;;32;5;;;OUI;OUI;2026-09-23T10:48:10+02:00;;;;
;;OUI;;15;13;;;OUI;OUI;2026-09-23T10:45:34+02:00;;;;
;;OUI;;20;0;;;OUI;OUI;2026-09-23T10:44:43+02:00;;;;
;;OUI;;27;1;;;OUI;OUI;2026-09-23T10:52:42+02:00;;;;
;;OUI;;3;26;;;OUI;OUI;2026-09-23T10:52:39+02:00;;;;
;;OUI;;35;14;;;OUI;OUI;2026-09-23T10:51:13+02:00;;;;
;;OUI;;8;31;;;OUI;OUI;2026-09-23T10:51:24+02:00;;;;
;;OUI;;35;2;;;OUI;OUI;2026-09-23T10:52:34+02:00;;;;
;;OUI;;10;17;;;OUI;OUI;2026-09-23T10:52:08+02:00;;;;
;;OUI;;20;2;;;OUI;OUI;2026-09-23T10:46:59+02:00;;;;
;;OUI;;38;26;;;OUI;OUI;2026-09-23T10:52:17+02:00;;;;
;;OUI;;1;22;;;OUI;OUI;2026-09-23T10:50:06+02:00;;;;
;;OUI;;16;0;;;OUI;OUI;2026-09-23T10:49:23+02:00;;;;
;;OUI;;41;4;;;OUI;OUI;2026-09-23T10:49:28+02:00;;;;
;;OUI;;13;8;;;OUI;OUI;2026-09-23T10:51:14+02:00;;;;
;;OUI;;24;23;;;OUI;OUI;2026-09-23T10:50:20+02:00;;;;
;;OUI;;20;0;;;OUI;OUI;2026-09-23T10:48:08+02:00;;;;
;;OUI;;7;18;;;OUI;OUI;2026-09-23T10:52:31+02:00;;;;
;;OUI;;25;9;;;OUI;OUI;2026-09-23T10:49:17+02:00;;;;
;;OUI;;32;0;;;OUI;OUI;2026-09-23T10:48:51+02:00;;;;
;;OUI;;26;0;;;OUI;OUI;2026-09-23T10:47:14+02:00;;;;
;;OUI;;4;23;;;OUI;OUI;2026-09-23T10:49:39+02:00;;;;
;;OUI;;25;9;;;OUI;OUI;2026-09-23T10:52:36+02:00;;;;
;;OUI;;12;6;;;OUI;OUI;2026-09-23T10:50:22+02:00;;;;
;;OUI;;16;2;;;OUI;OUI;2026-09-23T10:44:54+02:00;;;;
;;OUI;;31;4;;;OUI;OUI;2026-09-23T10:49:37+02:00;;;;
;;OUI;;18;4;;;OUI;OUI;2026-09-23T10:46:08+02:00;;;;
;;OUI;;28;1;;;OUI;OUI;2026-09-23T10:51:23+02:00;;;;
;;OUI;;43;5;;;OUI;OUI;2026-09-23T10:50:22+02:00;;;;
;;OUI;;0;29;;;OUI;OUI;2026-09-23T10:52:42+02:00;;;;
;;OUI;;6;25;;;OUI;OUI;2026-09-23T10:52:48+02:00;;;;
;;OUI;;24;2;;;OUI;OUI;2026-09-23T10:45:20+02:00;;;;
;;OUI;;26;7;;;OUI;OUI;2026-09-23T10:50:29+02:00;;;;
;;OUI;;2;18;;;OUI;OUI;2026-09-23T10:49:32+02:00;;;;
;;OUI;;3;41;;;OUI;OUI;2026-09-23T10:52:37+02:00;;;;
;;OUI;;26;7;;;OUI;OUI;2026-09-23T10:47:55+02:00;;;;
;;OUI;;31;3;;;OUI;OUI;2026-09-23T10:47:55+02:00;;;;
;;OUI;;35;3;;;OUI;OUI;2026-09-23T10:50:50+02:00;;;;
;;OUI;;18;1;;;OUI;OUI;2026-09-23T10:51:56+02:00;;;;
;;OUI;;24;1;;;OUI;OUI;2026-09-23T10:49:25+02:00;;;;
;;OUI;;17;2;;;OUI;OUI;2026-09-23T10:51:42+02:00;;;;
;;OUI;;29;3;;;OUI;OUI;2026-09-23T10:51:06+02:00;;;;
;;OUI;;34;3;;;OUI;OUI;2026-09-23T10:50:38+02:00;;;;
;;OUI;;19;1;;;OUI;OUI;2026-09-23T10:48:24+02:00;;;;
;;OUI;;1;51;;;OUI;OUI;2026-09-23T10:52:43+02:00;;;;
;;OUI;;10;6;;;OUI;OUI;2026-09-23T10:51:24+02:00;;;;
;;OUI;;3;19;;;OUI;OUI;2026-09-23T10:52:40+02:00;;;;
;;OUI;;17;18;;;OUI;OUI;2026-09-23T10:51:52+02:00;;;;
;;OUI;;19;1;;;OUI;OUI;2026-09-23T10:49:00+02:00;;;;
;;OUI;;46;6;;;OUI;OUI;2026-09-23T10:50:43+02:00;;;;
;;OUI;;27;1;;;OUI;OUI;2026-09-23T10:52:05+02:00;;;;
;;OUI;;2;28;;;OUI;OUI;2026-09-23T10:52:48+02:00;;;;
;;OUI;;27;0;;;OUI;OUI;2026-09-23T10:46:14+02:00;;;;
;;OUI;;21;12;;;OUI;OUI;2026-09-23T10:52:44+02:00;;;;
;;OUI;;1;26;;;OUI;OUI;2026-09-23T10:50:47+02:00;;;;
;;OUI;;42;4;;;OUI;OUI;2026-09-23T10:52:39+02:00;;;;
;;OUI;;3;39;;;OUI;OUI;2026-09-23T10:51:30+02:00;;;;
;;OUI;;27;28;;;OUI;OUI;2026-09-23T10:52:16+02:00;;;;
;;OUI;;17;11;;;OUI;OUI;2026-09-23T10:49:04+02:00;;;;
;;OUI;;10;14;;;OUI;OUI;2026-09-23T10:52:02+02:00;;;;
;;OUI;;13;10;;;OUI;OUI;2026-09-23T10:51:17+02:00;;;;
;;OUI;;13;11;;;OUI;OUI;2026-09-23T10:50:24+02:00;;;;
;;OUI;;20;0;;;OUI;OUI;2026-09-23T10:52:04+02:00;;;;
;;OUI;;11;11;;;OUI;OUI;2026-09-23T10:52:27+02:00;;;;
;;OUI;;23;0;;;OUI;OUI;2026-09-23T10:48:00+02:00;;;;
;;OUI;;3;32;;;OUI;OUI;2026-09-23T10:49:27+02:00;;;;
;;OUI;;22;15;;;OUI;OUI;2026-09-23T10:46:15+02:00;;;;
;;OUI;;19;1;;;OUI;OUI;2026-09-23T10:46:56+02:00;;;;
;;OUI;;19;2;;;OUI;OUI;2026-09-23T10:51:52+02:00;;;;
;;OUI;;7;22;;;OUI;OUI;2026-09-23T10:49:51+02:00;;;;
;;OUI;;16;4;;;OUI;OUI;2026-09-23T10:50:55+02:00;;;;
;;OUI;;12;14;;;OUI;OUI;2026-09-23T10:52:22+02:00;;;;
;;OUI;;13;3;;;OUI;OUI;2026-09-23T10:49:51+02:00;;;;
;;OUI;;3;31;;;OUI;OUI;2026-09-23T10:52:41+02:00;;;;
;;OUI;;9;15;;;OUI;OUI;2026-09-23T10:50:26+02:00;;;;
;;OUI;;16;14;;;OUI;OUI;2026-09-23T10:49:05+02:00;;;;
;;OUI;;33;35;;;OUI;OUI;2026-09-23T10:52:19+02:00;;;;
;;OUI;;18;4;;;OUI;OUI;2026-09-23T10:47:37+02:00;;;;
;;OUI;;16;14;;;OUI;OUI;2026-09-23T10:52:10+02:00;;;;
;;OUI;;3;31;;;OUI;OUI;2026-09-23T10:52:39+02:00;;;;
;;OUI;;36;24;;;OUI;OUI;2026-09-23T10:52:13+02:00;;;;
;;OUI;;0;40;;;OUI;OUI;2026-09-23T10:52:33+02:00;;;;
;;OUI;;20;33;;;OUI;OUI;2026-09-23T10:52:32+02:00;;;;
;;OUI;;16;13;;;OUI;OUI;2026-09-23T10:49:36+02:00;;;;
;;OUI;;10;16;;;OUI;OUI;2026-09-23T10:51:48+02:00;;;;
;;OUI;;29;1;;;OUI;OUI;2026-09-23T10:50:05+02:00;;;;
;;OUI;;27;16;;;OUI;OUI;2026-09-23T10:52:28+02:00;;;;
;;OUI;;17;13;;;OUI;OUI;2026-09-23T10:51:19+02:00;;;;
;;OUI;;17;12;;;OUI;OUI;2026-09-23T10:51:52+02:00;;;;
;;OUI;;2;24;;;OUI;OUI;2026-09-23T10:50:40+02:00;;;;
;;OUI;;27;1;;;OUI;OUI;2026-09-23T10:50:28+02:00;;;;
;;OUI;;8;20;;;OUI;OUI;2026-09-23T10:52:30+02:00;;;;
;;OUI;;21;2;;;OUI;OUI;2026-09-23T10:50:36+02:00;;;;
;;OUI;;44;13;;;OUI;OUI;2026-09-23T10:52:15+02:00;;;;
;;OUI;;12;11;;;OUI;OUI;2026-09-23T10:50:02+02:00;;;;
;;OUI;;58;1;;;OUI;OUI;2026-09-23T10:47:52+02:00;;;;
;;OUI;;28;4;;;OUI;OUI;2026-09-23T10:52:19+02:00;;;;
;;OUI;;48;2;;;OUI;OUI;2026-09-23T10:50:24+02:00;;;;
;;OUI;;13;6;;;OUI;OUI;2026-09-23T10:50:56+02:00;;;;
;;OUI;;0;53;;;OUI;OUI;2026-09-23T10:52:45+02:00;;;;
;;OUI;;18;3;;;OUI;OUI;2026-09-23T10:51:42+02:00;;;;
;;OUI;;20;0;;;OUI;OUI;2026-09-23T10:51:30+02:00;;;;
;;OUI;;2;16;;;OUI;OUI;2026-09-23T10:52:25+02:00;;;;
;;OUI;;5;29;;;OUI;OUI;2026-09-23T10:52:39+02:00;;;;
;;OUI;;28;3;;;OUI;OUI;2026-09-23T10:49:42+02:00;;;;
;;OUI;;39;2;;;OUI;OUI;2026-09-23T10:52:01+02:00;;;;
;;OUI;;11;23;;;OUI;OUI;2026-09-23T10:51:47+02:00;;;;
;;OUI;;58;1;;;OUI;OUI;2026-09-23T10:46:49+02:00;;;;
;;OUI;;6;26;;;OUI;OUI;2026-09-23T10:51:08+02:00;;;;
;;OUI;;37;14;;;OUI;OUI;2026-09-23T10:45:28+02:00;;;;
;;OUI;;0;16;;;OUI;OUI;2026-09-23T10:52:30+02:00;;;;
;;OUI;;19;0;;;OUI;OUI;2026-09-23T10:46:02+02:00;;;;
;;OUI;;10;23;;;OUI;OUI;2026-09-23T10:52:33+02:00;;;;
;;OUI;;34;2;;;OUI;OUI;2026-09-23T10:47:57+02:00;;;;
;;OUI;;1;52;;;OUI;OUI;2026-09-23T10:52:25+02:00;;;;
;;OUI;;44;0;;;OUI;OUI;2026-09-23T10:49:30+02:00;;;;
;;OUI;;11;26;;;OUI;OUI;2026-09-23T10:52:25+02:00;;;;
;;OUI;;21;0;;;OUI;OUI;2026-09-23T10:50:09+02:00;;;;
;;OUI;;13;15;;;OUI;OUI;2026-09-23T10:51:01+02:00;;;;
;;OUI;;14;11;;;OUI;OUI;2026-09-23T10:50:45+02:00;;;;
;;OUI;;35;33;;;OUI;OUI;2026-09-23T10:52:44+02:00;;;;
;;OUI;;17;3;;;OUI;OUI;2026-09-23T10:50:10+02:00;;;;
;;OUI;;23;2;;;OUI;OUI;2026-09-23T10:49:52+02:00;;;;
;;OUI;;0;21;;;OUI;OUI;2026-09-23T10:50:48+02:00;;;;
;;OUI;;15;18;;;OUI;OUI;2026-09-23T10:46:54+02:00;;;;
;;OUI;;21;7;;;OUI;OUI;2026-09-23T10:51:43+02:00;;;;
;;OUI;;10;12;;;OUI;OUI;2026-09-23T10:50:21+02:00;;;;
;;OUI;;12;12;;;OUI;OUI;2026-09-23T10:51:55+02:00;;;;
;;OUI;;7;14;;;OUI;OUI;2026-09-23T10:51:51+02:00;;;;
;;OUI;;18;12;;;OUI;OUI;2026-09-23T10:47:40+02:00;;;;
;;OUI;;15;10;;;OUI;OUI;2026-09-23T10:52:12+02:00;;;;
;;OUI;;24;7;;;OUI;OUI;2026-09-23T10:51:15+02:00;;;;
;;OUI;;13;10;;;OUI;OUI;2026-09-23T10:52:20+02:00;;;;
;;OUI;;16;9;;;OUI;OUI;2026-09-23T10:52:04+02:00;;;;
;;OUI;;1;16;;;OUI;OUI;2026-09-23T10:52:21+02:00;;;;
;;OUI;;12;6;;;OUI;OUI;2026-09-23T10:49:59+02:00;;;;
;;OUI;;35;0;;;NON;NON;2025-10-23T07:25:06+02:00;;;;
;;OUI;;8;15;;;OUI;OUI;2026-09-23T10:46:12+02:00;;;;
;;OUI;;32;4;;;OUI;OUI;2026-09-23T10:51:50+02:00;;;;
;;OUI;;25;0;;;OUI;OUI;2026-09-23T10:43:47+02:00;;;;
;;OUI;;10;10;;;OUI;OUI;2026-09-23T10:49:22+02:00;;;;
;;OUI;;20;1;;;OUI;OUI;2026-09-23T10:51:04+02:00;;;;
;;OUI;;32;19;;;OUI;OUI;2026-09-23T10:51:14+02:00;;;;
;;OUI;;19;6;;;OUI;OUI;2026-09-23T10:52:10+02:00;;;;
;;OUI;;2;30;;;OUI;OUI;2026-09-23T10:52:41+02:00;;;;
;;OUI;;22;2;;;OUI;OUI;2026-09-23T10:51:47+02:00;;;;
;;OUI;;31;0;;;OUI;OUI;2026-09-23T10:48:58+02:00;;;;
;;OUI;;19;0;;;OUI;OUI;2026-09-23T10:45:48+02:00;;;;
;;OUI;;2;25;;;OUI;OUI;2026-09-23T10:51:06+02:00;;;;
;;OUI;;24;1;;;OUI;OUI;2026-09-23T10:49:28+02:00;;;;
;;OUI;;6;9;;;OUI;OUI;2026-09-23T10:52:33+02:00;;;;
;;OUI;;0;18;;;OUI;OUI;2026-09-23T10:51:23+02:00;;;;
;;OUI;;30;0;;;NON;NON;2026-09-23T10:50:28+02:00;;;;
;;OUI;;19;2;;;OUI;OUI;2026-09-23T10:51:42+02:00;;;;
;;OUI;;0;15;;;OUI;OUI;2026-09-23T10:50:20+02:00;;;;
;;OUI;;13;7;;;OUI;OUI;2026-09-23T10:45:55+02:00;;;;
;;OUI;;39;9;;;OUI;OUI;2026-09-23T10:51:59+02:00;;;;
;;OUI;;22;9;;;OUI;OUI;2026-09-23T10:50:55+02:00;;;;
;;OUI;;12;11;;;OUI;OUI;2026-09-23T10:52:18+02:00;;;;
;;OUI;;1;16;;;OUI;OUI;2026-09-23T10:46:16+02:00;;;;
;;OUI;;0;0;;;NON;NON;2026-06-09T09:29:05+02:00;;;;
;;OUI;;0;29;;;OUI;OUI;2026-09-23T10:51:58+02:00;;;;
;;OUI;;14;11;;;OUI;OUI;2026-09-23T10:49:09+02:00;;;;
;;OUI;;51;7;;;OUI;OUI;2026-09-23T10:52:46+02:00;;;;
;;OUI;;2;43;;;OUI;OUI;2026-09-23T10:51:31+02:00;;;;
;;OUI;;17;7;;;OUI;OUI;2026-09-23T10:47:43+02:00;;;;
;;OUI;;7;17;;;OUI;OUI;2026-09-23T10:52:02+02:00;;;;
;;OUI;;47;13;;;OUI;OUI;2026-09-23T10:52:19+02:00;;;;
;;OUI;;19;14;;;OUI;OUI;2026-09-23T10:52:44+02:00;;;;
;;OUI;;1;30;;;OUI;OUI;2026-09-23T10:50:20+02:00;;;;
;;OUI;;1;34;;;OUI;OUI;2026-09-23T10:52:41+02:00;;;;
;;OUI;;9;58;;;OUI;OUI;2026-09-23T10:51:28+02:00;;;;
;;OUI;;0;34;;;OUI;OUI;2026-09-23T10:45:06+02:00;;;;
